start_time,end_time,short_ma,long_ma,timeframe,stop_loss,moving_average,total_trades,winning_trades,losing_trades,net_profit,winning_strike,avg_profit,avg_loss,total_brokerage,max_dd_percentage,max_winning_streak,max_losing_streak,days_in_dd,max_drawdown,cagr,exposure,fund_required,tradebook_name
11:30,15:00,21,28,23,20,ema,91,37,54,114550.0,0.69,6245.6,-4986.81,6539.05,4.219,5,7,46,105475.0,4.320438000000015,79.79954354661092,783212.5,./strategy/moving_average/moving_average_NIFTY_1130_1500_21_28_23_20_ematradebook.csv
10:05,15:00,29,36,21,20,ema,113,45,68,-5100.0,0.66,5673.01,-5718.14,6465.97,8.093,3,5,52,202325.0,-0.4626388000000037,67.3137764374857,928487.5,./strategy/moving_average/moving_average_NIFTY_1005_1500_29_36_21_20_ematradebook.csv
10:50,15:00,7,26,23,20,sma,107,47,60,123100.0,0.78,6741.59,-5591.12,6523.54,4.99,5,7,55,124750.0,4.663058400000009,76.95859627520394,812125.0,./strategy/moving_average/moving_average_NIFTY_1050_1500_7_26_23_20_smatradebook.csv
10:00,14:45,5,20,15,20,ema,128,43,85,62875.0,0.51,6276.37,-5785.16,6223.35,8.882,5,6,62,222050.0,2.266065999999989,65.23497638493855,958075.0,./strategy/moving_average/moving_average_NIFTY_1000_1445_5_20_15_20_ematradebook.csv
10:40,14:30,25,34,12,20,ema,115,48,67,222425.0,0.72,6781.3,-4847.17,6687.61,6.005,8,5,51,150125.0,8.629495600000014,73.51319561861354,850187.5,./strategy/moving_average/moving_average_NIFTY_1040_1430_25_34_12_20_ematradebook.csv
09:55,14:30,27,44,11,20,ema,135,52,83,260375.0,0.63,7045.19,-5116.48,6615.23,6.337,6,3,55,158425.0,10.150390799999997,72.4522177623857,862637.5,./strategy/moving_average/moving_average_NIFTY_0955_1430_27_44_11_20_ematradebook.csv
10:25,14:30,27,44,23,20,sma,104,43,61,34825.0,0.7,5475.0,-5140.14,6807.7,4.208,4,5,52,105200.0,1.120692000000001,79.84159427695452,782800.0,./strategy/moving_average/moving_average_NIFTY_1025_1430_27_44_23_20_smatradebook.csv
11:30,14:45,5,16,20,20,ema,94,34,60,100225.0,0.57,6643.62,-5577.39,6654.44,4.437,4,5,60,110925.0,3.742822400000012,78.97521757672442,791387.5,./strategy/moving_average/moving_average_NIFTY_1130_1445_5_16_20_20_ematradebook.csv
09:30,14:30,27,32,26,20,sma,117,49,68,209800.0,0.72,7879.49,-6086.32,6718.32,5.011,6,4,51,125275.0,8.123267200000006,76.884043485615,812912.5,./strategy/moving_average/moving_average_NIFTY_0930_1430_27_32_26_20_smatradebook.csv
11:10,15:00,25,42,26,20,ema,99,43,56,-8325.0,0.77,5611.36,-5695.45,6798.52,5.399,5,5,47,134975.0,-0.6049407999999978,75.53212381225735,827462.5,./strategy/moving_average/moving_average_NIFTY_1110_1500_25_42_26_20_ematradebook.csv
10:35,15:00,15,24,15,20,sma,123,49,74,100700.0,0.66,6743.7,-5925.0,6687.31,6.348,5,4,59,158700.0,3.760507599999996,72.41758878396385,863050.0,./strategy/moving_average/moving_average_NIFTY_1035_1500_15_24_15_20_smatradebook.csv
11:40,14:30,17,34,12,20,ema,104,43,61,90400.0,0.7,5803.61,-4934.38,6641.1,5.277,7,4,57,131925.0,3.350355999999999,75.95205906032112,822887.5,./strategy/moving_average/moving_average_NIFTY_1140_1430_17_34_12_20_ematradebook.csv
09:40,14:30,23,28,20,20,sma,134,65,69,144525.0,0.94,6121.08,-5042.54,6654.67,4.37,6,3,59,109250.0,5.514813200000002,79.22674694977025,788875.0,./strategy/moving_average/moving_average_NIFTY_0940_1430_23_28_20_20_smatradebook.csv
11:45,15:00,19,32,11,20,sma,124,49,75,211800.0,0.65,6166.73,-4458.67,6530.18,4.318,3,3,59,107950.0,8.21079279999999,79.42307081360994,786925.0,./strategy/moving_average/moving_average_NIFTY_1145_1500_19_32_11_20_smatradebook.csv
09:35,14:30,11,26,5,20,ema,200,61,139,189100.0,0.44,5178.38,-4232.88,6815.08,8.226,4,7,74,205650.0,7.291396799999994,66.95412303489648,933475.0,./strategy/moving_average/moving_average_NIFTY_0935_1430_11_26_5_20_ematradebook.csv
10:40,14:45,7,18,16,20,ema,110,40,70,123925.0,0.57,6487.95,-5361.36,6676.25,6.79,4,5,60,169750.0,4.689950000000009,71.05300554213443,879625.0,./strategy/moving_average/moving_average_NIFTY_1040_1445_7_18_16_20_ematradebook.csv
09:55,15:00,11,16,17,20,sma,154,71,83,241400.0,0.86,6309.74,-4742.21,6474.11,8.93,5,8,67,223250.0,9.397035600000002,65.11264487563486,959875.0,./strategy/moving_average/moving_average_NIFTY_0955_1500_11_16_17_20_smatradebook.csv
09:30,15:00,17,22,22,20,sma,139,58,81,193050.0,0.72,7114.03,-5725.18,6720.71,6.373,4,5,61,159325.0,7.453171600000008,72.33900953428146,863987.5,./strategy/moving_average/moving_average_NIFTY_0930_1500_17_22_22_20_smatradebook.csv
09:45,15:00,25,40,11,20,ema,156,53,103,123000.0,0.51,6222.44,-5433.97,6669.3,7.042,4,5,62,176050.0,4.653228000000009,70.29778140201896,889075.0,./strategy/moving_average/moving_average_NIFTY_0945_1500_25_40_11_20_ematradebook.csv
10:50,14:45,9,16,7,20,sma,211,81,130,127650.0,0.62,4376.9,-3771.92,6553.52,6.891,7,10,83,172275.0,4.843859199999989,70.74837632476336,883412.5,./strategy/moving_average/moving_average_NIFTY_1050_1445_9_16_7_20_smatradebook.csv
10:15,15:00,13,26,18,20,sma,128,52,76,72625.0,0.68,6419.14,-5851.76,6564.76,5.99,5,5,61,149750.0,2.642409600000017,73.5618655289098,849625.0,./strategy/moving_average/moving_average_NIFTY_1015_1500_13_26_18_20_smatradebook.csv
09:45,14:45,17,22,10,20,ema,142,51,91,258625.0,0.56,6876.06,-5054.75,6803.61,4.133,4,6,54,103325.0,10.072855599999995,80.12948925463549,779987.5,./strategy/moving_average/moving_average_NIFTY_0945_1445_17_22_10_20_ematradebook.csv
11:45,14:45,7,22,18,20,ema,89,39,50,151225.0,0.78,7191.85,-5492.7,6676.1,4.068,5,4,54,101700.0,5.781955999999999,80.38068291428205,777550.0,./strategy/moving_average/moving_average_NIFTY_1145_1445_7_22_18_20_ematradebook.csv
11:35,14:30,11,30,3,20,sma,196,77,119,190475.0,0.65,3796.94,-2825.13,6544.27,2.999,6,6,74,74975.0,7.357229199999993,84.75007203756122,737462.5,./strategy/moving_average/moving_average_NIFTY_1135_1430_11_30_3_20_smatradebook.csv
11:40,14:45,9,24,8,20,sma,142,60,82,228850.0,0.73,5346.3,-3734.68,6678.16,3.353,4,4,69,83825.0,8.886873600000001,83.25146938843471,750737.5,./strategy/moving_average/moving_average_NIFTY_1140_1445_9_24_8_20_smatradebook.csv
11:45,14:45,5,12,11,20,ema,123,43,80,112300.0,0.54,5662.6,-4749.59,6464.24,6.444,4,9,74,161100.0,4.233430399999993,72.11677147637454,866650.0,./strategy/moving_average/moving_average_NIFTY_1145_1445_5_12_11_20_ematradebook.csv
10:50,15:00,11,26,10,20,sma,163,64,99,55900.0,0.65,5408.28,-5065.34,6439.05,5.979,4,6,77,149475.0,1.978438000000016,73.59759777440864,849212.5,./strategy/moving_average/moving_average_NIFTY_1050_1500_11_26_10_20_smatradebook.csv
10:10,15:00,7,18,5,20,ema,232,71,161,52825.0,0.44,4257.33,-4029.63,6676.66,8.892,5,10,83,222300.0,1.8459336000000048,65.20945276227242,958450.0,./strategy/moving_average/moving_average_NIFTY_1010_1500_7_18_5_20_ematradebook.csv
10:35,15:00,29,44,2,20,ema,252,75,177,-75475.0,0.42,3523.91,-3823.41,6652.26,11.733,5,14,83,293325.0,-3.2850903999999903,58.68613481378889,1064987.5,./strategy/moving_average/moving_average_NIFTY_1035_1500_29_44_2_20_ematradebook.csv
10:35,14:30,17,32,21,20,sma,110,49,61,101850.0,0.8,6015.91,-5090.0,6656.51,5.283,6,5,57,132075.0,3.807739600000004,75.93129736214674,823112.5,./strategy/moving_average/moving_average_NIFTY_1035_1430_17_32_21_20_smatradebook.csv
09:45,14:45,7,18,1,20,sma,1024,384,640,-3150.0,0.6,1840.38,-1843.46,6618.18,7.275,4,6,86,181875.0,-0.3907272000000072,69.61364427427776,897812.5,./strategy/moving_average/moving_average_NIFTY_0945_1445_7_18_1_20_smatradebook.csv
11:25,14:45,9,26,10,20,ema,113,44,69,165950.0,0.64,6246.68,-4778.1,6583.29,5.207,5,4,59,130175.0,6.374668400000005,76.19512046448546,820262.5,./strategy/moving_average/moving_average_NIFTY_1125_1445_9_26_10_20_ematradebook.csv
09:55,14:45,21,36,7,20,sma,204,74,130,-28250.0,0.57,4760.91,-4899.39,6546.17,9.497,5,7,74,237425.0,-1.3918467999999962,63.701570880737926,981137.5,./strategy/moving_average/moving_average_NIFTY_0955_1445_21_36_7_20_smatradebook.csv
10:15,14:45,17,30,17,20,sma,131,49,82,86150.0,0.6,6058.4,-5400.76,6846.22,3.767,5,5,58,94175.0,3.172151199999984,81.56473793249702,766262.5,./strategy/moving_average/moving_average_NIFTY_1015_1445_17_30_17_20_smatradebook.csv
11:05,14:30,13,30,4,20,sma,186,76,110,258375.0,0.69,4722.58,-3333.47,6342.12,4.274,4,5,68,106850.0,10.081315199999995,79.58995256438827,785275.0,./strategy/moving_average/moving_average_NIFTY_1105_1430_13_30_4_20_smatradebook.csv
10:20,14:45,21,34,9,20,ema,134,54,80,214175.0,0.68,6183.02,-4584.7,6589.96,5.438,5,3,57,135950.0,8.303401600000004,75.39885996923726,828925.0,./strategy/moving_average/moving_average_NIFTY_1020_1445_21_34_9_20_ematradebook.csv
10:00,14:45,9,24,30,20,ema,91,43,48,166675.0,0.9,7005.22,-5173.63,6669.45,5.076,6,3,50,126900.0,6.400221999999989,76.6541975838597,815350.0,./strategy/moving_average/moving_average_NIFTY_1000_1445_9_24_30_20_ematradebook.csv
10:15,15:00,11,16,23,20,sma,113,51,62,94625.0,0.82,6386.28,-5548.89,6350.16,5.966,6,6,65,149150.0,3.530993599999998,73.63987157206398,848725.0,./strategy/moving_average/moving_average_NIFTY_1015_1500_11_16_23_20_smatradebook.csv
09:30,14:45,23,28,10,20,ema,163,61,102,150775.0,0.6,5993.87,-5068.87,6510.67,5.764,4,5,62,144100.0,5.770573200000007,74.30303750817333,841150.0,./strategy/moving_average/moving_average_NIFTY_0930_1445_23_28_10_20_ematradebook.csv
11:05,14:30,25,40,22,20,ema,105,41,64,33100.0,0.64,5399.29,-5084.05,6565.94,4.126,9,6,48,103150.0,1.06136240000001,80.15646542050082,779725.0,./strategy/moving_average/moving_average_NIFTY_1105_1430_25_40_22_20_ematradebook.csv
11:30,15:00,21,36,29,20,ema,89,44,45,53025.0,0.98,6031.18,-5435.39,6728.93,2.785,5,5,46,69625.0,1.851842799999992,85.68246080027419,729437.5,./strategy/moving_average/moving_average_NIFTY_1130_1500_21_36_29_20_ematradebook.csv
11:35,14:45,23,30,28,20,ema,87,43,44,113150.0,0.98,6366.67,-5066.09,6698.12,3.007,7,5,42,75175.0,4.258075199999989,84.715609698243,737762.5,./strategy/moving_average/moving_average_NIFTY_1135_1445_23_30_28_20_ematradebook.csv
09:45,14:45,15,26,8,20,sma,205,82,123,59125.0,0.67,5120.61,-4832.2,6602.97,6.391,3,10,82,159775.0,2.100881199999982,72.28253798447372,864662.5,./strategy/moving_average/moving_average_NIFTY_0945_1445_15_26_8_20_smatradebook.csv
11:50,15:00,17,26,27,20,ema,81,42,39,89675.0,1.08,6547.53,-5440.43,6770.02,4.812,9,7,43,120300.0,3.316199199999992,77.59637469737413,805450.0,./strategy/moving_average/moving_average_NIFTY_1150_1500_17_26_27_20_ematradebook.csv
10:05,14:30,17,24,19,20,ema,114,50,64,215350.0,0.78,7016.89,-5127.85,6899.85,5.864,11,5,52,146600.0,8.338005999999986,73.97325127233992,844900.0,./strategy/moving_average/moving_average_NIFTY_1005_1430_17_24_19_20_ematradebook.csv
11:40,14:30,15,22,8,20,sma,148,72,76,265425.0,0.95,5246.11,-3452.7,6351.51,2.953,5,4,59,73825.0,10.36293960000001,84.94877588813945,735737.5,./strategy/moving_average/moving_average_NIFTY_1140_1430_15_22_8_20_smatradebook.csv
11:40,14:30,5,20,8,20,ema,127,47,80,255725.0,0.59,6003.15,-3989.57,6658.1,4.27,5,4,65,106750.0,9.962676000000004,79.60515841426525,785125.0,./strategy/moving_average/moving_average_NIFTY_1140_1430_5_20_8_20_ematradebook.csv
11:10,15:00,17,32,7,20,sma,182,73,109,21300.0,0.67,4768.82,-4651.79,6797.29,7.499,4,9,80,187475.0,0.5801084000000012,68.96837110501124,906212.5,./strategy/moving_average/moving_average_NIFTY_1110_1500_17_32_7_20_smatradebook.csv
10:30,14:45,27,46,12,20,sma,124,53,71,186150.0,0.75,6676.61,-5175.4,6482.34,3.302,9,5,51,82550.0,7.186706400000009,83.46409374687009,748825.0,./strategy/moving_average/moving_average_NIFTY_1030_1445_27_46_12_20_smatradebook.csv
12:00,14:30,5,12,23,20,sma,88,37,51,80050.0,0.73,6233.24,-5323.58,6592.92,5.063,4,7,69,126575.0,2.9382832000000025,76.700056758042,814862.5,./strategy/moving_average/moving_average_NIFTY_1200_1430_5_12_23_20_smatradebook.csv
09:35,14:30,29,44,4,20,sma,252,101,151,147175.0,0.67,4531.15,-3947.12,6587.82,5.021,4,4,80,125525.0,5.62348720000001,76.84859290226396,813287.5,./strategy/moving_average/moving_average_NIFTY_0935_1430_29_44_4_20_smatradebook.csv
11:20,14:30,17,36,15,20,sma,118,50,68,151675.0,0.74,6453.81,-5168.43,6492.82,4.757,7,3,44,118925.0,5.807287200000011,77.79558432263384,803387.5,./strategy/moving_average/moving_average_NIFTY_1120_1430_17_36_15_20_smatradebook.csv
11:25,14:30,23,32,27,20,sma,85,42,43,137850.0,0.98,7021.76,-5400.0,6663.97,4.552,11,4,47,113800.0,5.247441200000003,78.54719115244438,795700.0,./strategy/moving_average/moving_average_NIFTY_1125_1430_23_32_27_20_smatradebook.csv
09:40,14:30,19,30,7,20,ema,150,50,100,264450.0,0.5,6645.83,-4882.83,6778.93,4.19,4,5,57,104750.0,10.306842799999982,79.91050023973149,782125.0,./strategy/moving_average/moving_average_NIFTY_0940_1430_19_30_7_20_ematradebook.csv
09:45,14:45,25,34,8,20,sma,184,73,111,132450.0,0.66,5635.6,-4915.76,6679.25,7.128,4,6,73,178200.0,5.030829999999997,70.04370727333857,892300.0,./strategy/moving_average/moving_average_NIFTY_0945_1445_25_34_8_20_smatradebook.csv
12:00,15:00,15,26,23,20,ema,81,38,43,132400.0,0.88,6424.07,-4789.51,6689.48,2.461,5,3,50,61525.0,5.028420800000011,87.13382012094173,717287.5,./strategy/moving_average/moving_average_NIFTY_1200_1500_15_26_23_20_ematradebook.csv
11:00,14:30,9,20,23,20,sma,103,45,58,168525.0,0.78,6679.37,-5043.2,6366.05,3.743,4,4,52,93575.0,6.486358000000014,81.66065099870976,765362.5,./strategy/moving_average/moving_average_NIFTY_1100_1430_9_20_23_20_smatradebook.csv
11:55,15:00,23,40,17,20,ema,89,39,50,208675.0,0.78,6995.22,-4650.56,6629.93,3.371,5,4,43,84275.0,8.081802799999993,83.1766839119658,751412.5,./strategy/moving_average/moving_average_NIFTY_1155_1500_23_40_17_20_ematradebook.csv
11:45,14:45,29,38,27,20,sma,84,43,41,68650.0,1.05,6794.35,-5977.08,6814.14,4.144,6,3,45,103600.0,2.4734343999999853,80.0871348026653,780400.0,./strategy/moving_average/moving_average_NIFTY_1145_1445_29_38_27_20_smatradebook.csv
11:00,14:30,23,32,15,20,sma,124,54,70,239550.0,0.77,6939.92,-5008.06,6388.2,4.324,7,3,45,108100.0,9.326471999999985,79.40036841770946,787150.0,./strategy/moving_average/moving_average_NIFTY_1100_1430_23_32_15_20_smatradebook.csv
11:40,14:30,17,30,27,20,sma,77,35,42,145975.0,0.83,6764.61,-4868.83,6561.51,2.964,8,4,48,74100.0,5.576539600000019,84.90117503226244,736150.0,./strategy/moving_average/moving_average_NIFTY_1140_1430_17_30_27_20_smatradebook.csv
10:30,14:30,29,44,14,20,sma,127,57,70,174125.0,0.81,5860.04,-4488.98,6816.9,2.89,7,3,49,72250.0,6.692323999999994,85.22243054371911,733375.0,./strategy/moving_average/moving_average_NIFTY_1030_1430_29_44_14_20_smatradebook.csv
11:55,14:30,29,48,10,20,ema,102,47,55,213025.0,0.85,6459.31,-4370.83,6731.36,3.533,11,3,43,88325.0,8.251745600000016,82.5096123698411,757487.5,./strategy/moving_average/moving_average_NIFTY_1155_1430_29_48_10_20_ematradebook.csv
09:40,14:30,29,48,16,20,sma,130,51,79,97875.0,0.65,6408.08,-5655.19,6607.21,7.362,4,3,58,184050.0,3.650711600000012,69.36159587159781,901075.0,./strategy/moving_average/moving_average_NIFTY_0940_1430_29_48_16_20_smatradebook.csv
11:30,15:00,27,36,19,20,sma,102,50,52,188825.0,0.96,6311.52,-4460.29,6623.26,3.884,5,4,51,97100.0,7.288069600000013,81.10036981768637,770650.0,./strategy/moving_average/moving_average_NIFTY_1130_1500_27_36_19_20_smatradebook.csv
09:40,14:45,27,42,10,20,ema,154,56,98,210150.0,0.57,6421.59,-5056.98,6803.62,6.544,6,6,56,163600.0,8.133855200000006,71.80606617647058,870400.0,./strategy/moving_average/moving_average_NIFTY_0940_1445_27_42_10_20_ematradebook.csv
10:00,15:00,13,22,18,20,sma,137,49,88,72475.0,0.56,6482.12,-5953.1,6781.19,8.111,4,5,62,202775.0,2.627752399999994,67.26487562724498,929162.5,./strategy/moving_average/moving_average_NIFTY_1000_1500_13_22_18_20_smatradebook.csv
11:05,14:30,25,44,23,20,sma,97,38,59,60850.0,0.64,5411.08,-4783.76,6761.42,3.85,4,7,51,96250.0,2.1635432000000065,81.23476848090982,769375.0,./strategy/moving_average/moving_average_NIFTY_1105_1430_25_44_23_20_smatradebook.csv
09:55,15:00,13,22,5,20,sma,273,110,163,80975.0,0.67,4343.68,-4047.07,6421.95,9.438,4,10,85,235950.0,2.982121999999987,63.84554485787982,978925.0,./strategy/moving_average/moving_average_NIFTY_0955_1500_13_22_5_20_smatradebook.csv
11:55,14:45,5,20,8,20,sma,143,58,85,188525.0,0.68,5062.94,-3744.58,6592.15,4.158,4,12,74,103950.0,7.277314000000001,80.0332938502417,780925.0,./strategy/moving_average/moving_average_NIFTY_1155_1445_5_20_8_20_smatradebook.csv
11:40,15:00,23,32,24,20,sma,96,46,50,204075.0,0.92,6571.88,-4446.09,6627.53,2.197,4,3,52,54925.0,7.897898800000003,88.35327172165185,707387.5,./strategy/moving_average/moving_average_NIFTY_1140_1500_23_32_24_20_smatradebook.csv
11:00,15:00,11,18,30,20,sma,107,48,59,122675.0,0.81,6984.58,-5838.08,6685.67,5.486,5,4,49,137150.0,4.639573200000013,75.23548707454331,830725.0,./strategy/moving_average/moving_average_NIFTY_1100_1500_11_18_30_20_smatradebook.csv
12:00,14:45,29,44,20,20,ema,92,37,55,22950.0,0.67,5265.22,-5015.76,6877.37,4.51,4,6,50,112750.0,0.642905199999988,78.70297497245396,794125.0,./strategy/moving_average/moving_average_NIFTY_1200_1445_29_44_20_20_ematradebook.csv
11:45,14:45,21,36,20,20,ema,92,41,51,91725.0,0.8,5855.71,-4858.7,6381.86,4.31,9,7,40,107750.0,3.413725599999995,79.4533608771651,786625.0,./strategy/moving_average/moving_average_NIFTY_1145_1445_21_36_20_20_ematradebook.csv
11:00,15:00,15,34,15,20,sma,131,51,80,73575.0,0.64,6121.18,-5559.54,6650.29,4.826,5,3,58,120650.0,2.676988399999991,77.5458295852849,805975.0,./strategy/moving_average/moving_average_NIFTY_1100_1500_15_34_15_20_smatradebook.csv
09:40,14:30,29,40,12,20,sma,149,59,90,267250.0,0.66,6681.88,-4888.26,6655.82,3.45,4,4,57,86250.0,10.4237672,82.85004142502072,754375.0,./strategy/moving_average/moving_average_NIFTY_0940_1430_29_40_12_20_smatradebook.csv
12:00,15:00,11,30,8,20,sma,134,57,77,185225.0,0.74,5817.16,-4434.89,6620.07,4.251,4,6,64,106275.0,7.144197200000013,79.67746561917359,784412.5,./strategy/moving_average/moving_average_NIFTY_1200_1500_11_30_8_20_smatradebook.csv
11:35,14:45,13,26,24,20,sma,99,43,56,105550.0,0.77,6513.64,-5447.47,6685.35,3.413,4,5,50,85325.0,3.954586000000005,83.00270588821196,752987.5,./strategy/moving_average/moving_average_NIFTY_1135_1445_13_26_24_20_smatradebook.csv
10:35,14:45,11,24,14,20,sma,132,56,76,45925.0,0.74,5566.48,-5218.56,6451.5,6.946,4,6,66,173650.0,1.5789400000000064,70.58358508145346,885475.0,./strategy/moving_average/moving_average_NIFTY_1035_1445_11_24_14_20_smatradebook.csv
11:25,14:45,11,20,6,20,sma,179,70,109,152375.0,0.64,4706.28,-3855.03,6658.67,3.943,4,7,80,98575.0,5.828653200000011,80.86820100600042,772862.5,./strategy/moving_average/moving_average_NIFTY_1125_1445_11_20_6_20_smatradebook.csv
09:40,15:00,25,42,26,20,ema,121,47,74,13125.0,0.64,5935.33,-5826.86,6565.23,5.385,3,4,55,134625.0,0.2623907999999897,75.58007709167863,826937.5,./strategy/moving_average/moving_average_NIFTY_0940_1500_25_42_26_20_ematradebook.csv
11:35,15:00,5,22,30,20,sma,91,42,49,111950.0,0.86,7282.42,-6052.2,6385.58,6.183,5,5,53,154575.0,4.2225768,72.94052429648865,856862.5,./strategy/moving_average/moving_average_NIFTY_1135_1500_5_22_30_20_smatradebook.csv
09:50,15:00,13,22,23,20,sma,123,57,66,250500.0,0.86,7337.6,-5301.02,6450.16,3.246,6,5,55,81150.0,9.761993599999986,83.69881817268741,746725.0,./strategy/moving_average/moving_average_NIFTY_0950_1500_13_22_23_20_smatradebook.csv
11:05,14:45,25,44,15,20,ema,105,45,60,103275.0,0.75,5778.1,-4794.52,6677.06,5.952,11,7,43,148800.0,3.8639176,73.68545154444706,848200.0,./strategy/moving_average/moving_average_NIFTY_1105_1445_25_44_15_20_ematradebook.csv
10:45,15:00,7,14,15,20,sma,163,64,99,31200.0,0.65,5173.62,-4982.21,6826.37,7.747,4,9,77,193675.0,0.974945199999988,68.26777351483459,915512.5,./strategy/moving_average/moving_average_NIFTY_1045_1500_7_14_15_20_smatradebook.csv
10:20,14:45,9,24,19,20,ema,110,44,66,142125.0,0.67,6618.18,-5326.14,6812.15,5.225,5,4,58,130625.0,5.412514000000002,76.13247049866769,820937.5,./strategy/moving_average/moving_average_NIFTY_1020_1445_9_24_19_20_ematradebook.csv
09:35,14:30,21,38,4,20,ema,190,62,128,260000.0,0.48,5701.45,-4333.03,6347.49,6.927,4,8,66,173175.0,10.146100399999993,70.64042610305026,884762.5,./strategy/moving_average/moving_average_NIFTY_0935_1430_21_38_4_20_ematradebook.csv
10:15,14:45,29,44,21,20,sma,109,48,61,143875.0,0.79,6751.61,-5431.65,6825.82,6.347,7,4,52,158675.0,5.481967200000004,72.42073550498979,863012.5,./strategy/moving_average/moving_average_NIFTY_1015_1445_29_44_21_20_smatradebook.csv
11:05,15:00,15,32,25,20,sma,98,49,49,184750.0,1.0,7062.76,-5177.55,6677.72,3.611,4,4,48,90275.0,7.122891199999981,82.1922311903079,760412.5,./strategy/moving_average/moving_average_NIFTY_1105_1500_15_32_25_20_smatradebook.csv
11:05,14:30,7,18,21,20,sma,100,44,56,152100.0,0.79,6627.75,-5106.75,6658.53,4.371,7,3,52,109275.0,5.817658800000003,79.22298100232915,788912.5,./strategy/moving_average/moving_average_NIFTY_1105_1430_7_18_21_20_smatradebook.csv
10:10,14:30,29,36,13,20,sma,136,56,80,255000.0,0.7,6640.07,-4765.07,6397.13,3.487,4,4,54,87175.0,9.944114800000015,82.69793751343842,755762.5,./strategy/moving_average/moving_average_NIFTY_1010_1430_29_36_13_20_smatradebook.csv
11:05,14:45,29,40,25,20,ema,100,45,55,-12450.0,0.82,5648.25,-5772.75,6653.05,3.681,5,5,51,92025.0,-0.7641219999999893,81.90947364972233,763037.5,./strategy/moving_average/moving_average_NIFTY_1105_1445_29_40_25_20_ematradebook.csv
11:40,14:45,11,22,6,20,sma,162,67,95,155225.0,0.71,4869.14,-3910.96,6795.35,3.531,3,4,76,88275.0,5.937185999999994,82.51778258214645,757412.5,./strategy/moving_average/moving_average_NIFTY_1140_1445_11_22_6_20_smatradebook.csv
10:40,15:00,5,10,10,20,ema,181,53,128,-6975.0,0.41,4719.2,-4757.73,6568.63,8.927,4,13,82,223175.0,-0.5417451999999989,65.12027715189956,959762.5,./strategy/moving_average/moving_average_NIFTY_1040_1500_5_10_10_20_ematradebook.csv
11:50,15:00,13,28,6,20,sma,149,61,88,139150.0,0.69,5136.07,-4202.18,6559.43,5.614,4,8,75,140350.0,5.303622799999985,74.80326740672034,835525.0,./strategy/moving_average/moving_average_NIFTY_1150_1500_13_28_6_20_smatradebook.csv
10:45,14:30,5,22,23,20,sma,108,42,66,77125.0,0.64,6405.09,-5690.97,6725.88,7.059,4,6,56,176475.0,2.815964800000015,70.24741138289055,889712.5,./strategy/moving_average/moving_average_NIFTY_1045_1430_5_22_23_20_smatradebook.csv
10:55,14:45,23,32,7,20,sma,177,71,106,83075.0,0.67,4848.73,-4379.38,6632.04,9.232,4,6,72,230800.0,3.057718399999998,64.35337726523888,971200.0,./strategy/moving_average/moving_average_NIFTY_1055_1445_23_32_7_20_smatradebook.csv
10:10,14:30,25,44,21,20,ema,105,45,60,52000.0,0.75,5938.57,-5443.33,6728.05,6.104,6,5,53,152600.0,1.810878000000016,73.19358238669633,853900.0,./strategy/moving_average/moving_average_NIFTY_1010_1430_25_44_21_20_ematradebook.csv
10:30,14:30,19,38,2,20,ema,219,75,144,166175.0,0.52,4016.21,-3257.42,6510.29,5.365,4,6,83,134125.0,6.386588399999993,75.64868749527196,826187.5,./strategy/moving_average/moving_average_NIFTY_1030_1430_19_38_2_20_ematradebook.csv
09:45,14:30,27,46,5,20,ema,165,51,114,198550.0,0.45,6047.12,-4843.79,6704.61,5.543,4,5,60,138575.0,7.6738156,75.04239895540981,832862.5,./strategy/moving_average/moving_average_NIFTY_0945_1430_27_46_5_20_ematradebook.csv
10:25,14:45,29,38,16,20,ema,106,51,55,209225.0,0.93,6763.44,-4789.62,6772.27,3.681,10,5,46,92025.0,8.098109200000003,81.90947364972233,763037.5,./strategy/moving_average/moving_average_NIFTY_1025_1445_29_38_16_20_ematradebook.csv
11:55,15:00,25,34,8,20,ema,123,46,77,158650.0,0.6,6040.65,-4750.81,6618.92,4.469,3,3,57,111725.0,6.081243200000008,78.85564685287113,792587.5,./strategy/moving_average/moving_average_NIFTY_1155_1500_25_34_8_20_ematradebook.csv
09:45,15:00,21,32,30,20,ema,113,46,67,11900.0,0.69,6035.84,-5930.53,6559.33,5.036,4,4,53,125900.0,0.2136267999999885,76.79547828223873,813850.0,./strategy/moving_average/moving_average_NIFTY_0945_1500_21_32_30_20_ematradebook.csv
11:50,14:45,9,14,16,20,ema,93,39,54,197475.0,0.72,6932.53,-4809.14,6706.09,3.294,5,5,55,82350.0,7.630756400000016,83.49754517217194,748525.0,./strategy/moving_average/moving_average_NIFTY_1150_1445_9_14_16_20_ematradebook.csv
09:50,14:30,17,26,16,20,sma,123,52,71,242425.0,0.73,6990.45,-5019.51,6533.32,3.378,5,3,55,84450.0,9.435667199999996,83.14763694415804,751675.0,./strategy/moving_average/moving_average_NIFTY_0950_1430_17_26_16_20_smatradebook.csv
10:30,14:45,5,16,9,20,ema,146,52,94,180100.0,0.55,5675.17,-4441.61,6792.79,8.388,4,17,77,209700.0,6.932288399999997,66.5212069607791,939550.0,./strategy/moving_average/moving_average_NIFTY_1030_1445_5_16_9_20_ematradebook.csv
10:25,14:45,9,26,12,20,sma,143,54,89,71700.0,0.61,5772.73,-5271.33,6726.92,8.504,4,7,68,212600.0,2.598923200000014,66.21464138150228,943900.0,./strategy/moving_average/moving_average_NIFTY_1025_1445_9_26_12_20_smatradebook.csv
09:55,14:30,13,22,6,20,sma,236,95,141,129900.0,0.67,4590.68,-4040.25,6447.52,6.839,5,6,84,170975.0,4.93809919999999,70.90488818299133,881462.5,./strategy/moving_average/moving_average_NIFTY_0955_1430_13_22_6_20_smatradebook.csv
11:30,14:30,9,28,22,20,sma,98,47,51,120875.0,0.92,6194.13,-4960.71,6499.06,4.093,10,5,50,102325.0,4.575037599999998,80.28388381316334,778487.5,./strategy/moving_average/moving_average_NIFTY_1130_1430_9_28_22_20_smatradebook.csv
10:05,14:30,7,22,23,20,ema,90,42,48,190300.0,0.88,7380.28,-5265.83,6590.51,5.023,7,5,58,125575.0,7.34837960000001,76.84150670826354,813362.5,./strategy/moving_average/moving_average_NIFTY_1005_1430_7_22_23_20_ematradebook.csv
09:30,14:45,13,18,4,20,sma,385,156,229,128275.0,0.68,3545.91,-3212.73,6216.87,6.282,3,6,81,157050.0,4.882325200000004,72.6258606164483,860575.0,./strategy/moving_average/moving_average_NIFTY_0930_1445_13_18_4_20_smatradebook.csv
10:10,14:30,7,26,14,20,ema,117,43,74,290125.0,0.58,7143.38,-4663.68,6688.01,4.95,4,3,54,123750.0,11.3374796,77.10100231303007,810625.0,./strategy/moving_average/moving_average_NIFTY_1010_1430_7_26_14_20_ematradebook.csv
09:45,14:30,13,28,29,20,sma,102,46,56,132375.0,0.82,6457.84,-5160.05,6804.81,4.866,5,5,55,121650.0,5.022807600000001,77.40177714480325,807475.0,./strategy/moving_average/moving_average_NIFTY_0945_1430_13_28_29_20_smatradebook.csv
11:45,15:00,5,14,25,20,sma,98,43,55,206850.0,0.78,7149.49,-5038.78,6507.22,4.621,5,4,60,115525.0,8.013711199999985,78.29259508635673,798287.5,./strategy/moving_average/moving_average_NIFTY_1145_1500_5_14_25_20_smatradebook.csv
10:55,14:45,13,30,3,20,sma,248,90,158,144775.0,0.57,3869.46,-3285.69,6221.44,5.545,5,12,76,138625.0,5.542142399999994,75.03564192991671,832937.5,./strategy/moving_average/moving_average_NIFTY_1055_1445_13_30_3_20_smatradebook.csv
09:50,14:45,7,26,2,20,ema,396,123,273,201175.0,0.45,3094.57,-2586.55,6434.84,2.862,5,5,78,71550.0,7.789606400000015,85.3446215819479,732325.0,./strategy/moving_average/moving_average_NIFTY_0950_1445_7_26_2_20_ematradebook.csv
09:50,15:00,29,40,28,20,ema,111,43,68,-9600.0,0.63,5357.66,-5444.14,6848.65,5.698,3,4,55,142450.0,-0.6579459999999981,74.52231198020688,838675.0,./strategy/moving_average/moving_average_NIFTY_0950_1500_29_40_28_20_ematradebook.csv
10:00,15:00,21,36,24,20,sma,113,52,61,282900.0,0.85,7444.69,-4941.15,6533.22,3.118,6,3,53,77950.0,11.05467120000001,84.24032078714156,741925.0,./strategy/moving_average/moving_average_NIFTY_1000_1500_21_36_24_20_smatradebook.csv
10:45,14:30,5,24,25,20,sma,108,44,64,-24050.0,0.69,6110.19,-6332.87,6500.96,7.021,4,5,57,175525.0,-1.2220384000000029,70.3601030071908,888287.5,./strategy/moving_average/moving_average_NIFTY_1045_1430_5_24_25_20_smatradebook.csv
10:25,14:30,19,24,15,20,ema,119,50,69,161900.0,0.72,6695.38,-5334.87,6760.81,7.055,7,4,55,176375.0,6.205567599999995,70.25925665706457,889562.5,./strategy/moving_average/moving_average_NIFTY_1025_1430_19_24_15_20_ematradebook.csv
10:10,14:45,21,26,6,20,ema,147,54,93,255650.0,0.58,6482.48,-4743.37,6437.1,7.425,6,5,62,185625.0,9.968515999999994,69.18021445866482,903437.5,./strategy/moving_average/moving_average_NIFTY_1010_1445_21_26_6_20_ematradebook.csv
09:45,15:00,9,20,12,20,sma,180,69,111,92625.0,0.62,5738.19,-5223.61,6534.89,7.334,5,10,78,183350.0,3.4436044,69.44251548568096,900025.0,./strategy/moving_average/moving_average_NIFTY_0945_1500_9_20_12_20_smatradebook.csv
10:35,14:30,21,32,6,20,ema,130,53,77,277000.0,0.69,6372.5,-4241.73,6603.14,4.753,7,6,52,118825.0,10.815874400000002,77.81011220218178,803237.5,./strategy/moving_average/moving_average_NIFTY_1035_1430_21_32_6_20_ematradebook.csv
11:40,15:00,7,18,14,20,sma,139,54,85,-100250.0,0.64,4572.84,-5294.06,6350.54,6.358,4,6,78,158950.0,-4.264021600000001,72.386136607117,863425.0,./strategy/moving_average/moving_average_NIFTY_1140_1500_7_18_14_20_smatradebook.csv
10:20,14:45,19,38,8,20,ema,134,52,82,198925.0,0.63,6107.46,-4622.95,6533.65,6.577,5,3,58,164425.0,7.695654000000007,71.70412011874203,871637.5,./strategy/moving_average/moving_average_NIFTY_1020_1445_19_38_8_20_ematradebook.csv
10:05,15:00,15,20,17,20,ema,125,52,73,313825.0,0.71,7451.8,-4941.2,6359.71,3.933,7,5,53,98325.0,12.298611600000008,80.90745804948301,772487.5,./strategy/moving_average/moving_average_NIFTY_1005_1500_15_20_17_20_ematradebook.csv
10:50,14:45,21,26,29,20,ema,95,39,56,33250.0,0.7,6228.16,-5878.16,6776.28,5.001,5,6,49,125025.0,1.058948800000015,76.91952679107118,812537.5,./strategy/moving_average/moving_average_NIFTY_1050_1445_21_26_29_20_ematradebook.csv
10:25,14:30,13,24,3,20,sma,288,115,173,124925.0,0.66,3198.18,-2764.41,6516.1,4.464,4,5,77,111600.0,4.736355999999997,78.87430590610802,792400.0,./strategy/moving_average/moving_average_NIFTY_1025_1430_13_24_3_20_smatradebook.csv
11:00,15:00,13,20,2,20,sma,452,187,265,-14675.0,0.71,2328.93,-2361.39,6760.81,5.644,4,11,88,141100.0,-0.8574324000000022,74.70268332038486,836650.0,./strategy/moving_average/moving_average_NIFTY_1100_1500_13_20_2_20_smatradebook.csv
09:35,15:00,23,30,2,20,ema,293,87,206,46925.0,0.42,3896.67,-3736.52,6456.9,6.801,4,10,84,170025.0,1.6187240000000047,71.01970086501996,880037.5,./strategy/moving_average/moving_average_NIFTY_0935_1500_23_30_2_20_ematradebook.csv
11:25,14:45,11,26,7,20,ema,136,50,86,121325.0,0.58,5697.79,-4805.7,6214.59,6.188,6,6,70,154700.0,4.6044164,72.92456682807304,857050.0,./strategy/moving_average/moving_average_NIFTY_1125_1445_11_26_7_20_ematradebook.csv
11:40,15:00,9,18,26,20,sma,92,42,50,97850.0,0.84,6961.68,-5898.1,6742.09,4.185,5,5,52,104625.0,3.644316400000003,79.92966189753017,781937.5,./strategy/moving_average/moving_average_NIFTY_1140_1500_9_18_26_20_smatradebook.csv
09:55,15:00,27,42,19,20,ema,120,46,74,72550.0,0.62,6027.08,-5422.5,6819.87,5.537,8,5,48,138425.0,2.6292052000000066,75.0626773355752,832637.5,./strategy/moving_average/moving_average_NIFTY_0955_1500_27_42_19_20_ematradebook.csv
11:40,15:00,29,46,17,20,sma,102,43,59,127250.0,0.73,6097.3,-4849.75,6569.3,3.422,4,4,50,85550.0,4.827228000000017,82.9655195300833,753325.0,./strategy/moving_average/moving_average_NIFTY_1140_1500_29_46_17_20_smatradebook.csv
11:45,14:30,27,34,16,20,ema,93,44,49,46700.0,0.9,5512.9,-5010.75,6689.11,3.766,11,3,47,94150.0,1.6004356000000053,81.56872981173937,766225.0,./strategy/moving_average/moving_average_NIFTY_1145_1430_27_34_16_20_ematradebook.csv
11:30,14:30,23,28,11,20,sma,121,48,73,153525.0,0.66,5700.83,-4432.02,6715.71,4.947,5,4,60,123675.0,5.872371600000004,77.11170401443532,810512.5,./strategy/moving_average/moving_average_NIFTY_1130_1430_23_28_11_20_smatradebook.csv
10:00,15:00,21,28,20,20,sma,130,59,71,258925.0,0.83,6979.62,-4987.88,6780.23,3.116,6,4,56,77900.0,10.085790800000003,84.24883736604436,741850.0,./strategy/moving_average/moving_average_NIFTY_1000_1500_21_28_20_20_smatradebook.csv
11:25,14:45,7,14,21,20,ema,89,40,49,116325.0,0.82,6804.21,-5497.19,6685.83,4.414,10,3,55,110350.0,4.385566799999996,79.06138325796148,790525.0,./strategy/moving_average/moving_average_NIFTY_1125_1445_7_14_21_20_ematradebook.csv
10:40,14:45,5,18,26,20,ema,97,40,57,83800.0,0.7,6868.3,-6004.38,6809.13,5.106,4,4,58,127650.0,3.0796347999999973,76.54857772742582,816475.0,./strategy/moving_average/moving_average_NIFTY_1040_1445_5_18_26_20_ematradebook.csv
11:05,14:30,13,18,3,20,ema,199,58,141,120525.0,0.41,3970.1,-3364.45,6692.28,3.774,5,10,83,94350.0,4.5533088,81.53680571409934,766525.0,./strategy/moving_average/moving_average_NIFTY_1105_1430_13_18_3_20_ematradebook.csv
09:55,15:00,9,16,27,20,sma,120,47,73,60625.0,0.64,6693.33,-6188.12,6618.7,7.011,5,6,60,175275.0,2.1602519999999847,70.38981881660636,887912.5,./strategy/moving_average/moving_average_NIFTY_0955_1500_9_16_27_20_smatradebook.csv
09:40,15:00,17,32,7,20,sma,217,83,134,73600.0,0.62,4988.82,-4649.65,6630.39,6.577,4,9,78,164425.0,2.6787844000000005,71.70412011874203,871637.5,./strategy/moving_average/moving_average_NIFTY_0940_1500_17_32_7_20_smatradebook.csv
