Tradingsymbol,MissingTimestamp
NIFTY24JUNFUT,2024-06-21 12:10:54
NIFTY24JUNFUT,2024-06-21 12:10:59
NIFTY24JUNFUT,2024-06-21 12:11:07
NIFTY24JUNFUT,2024-06-21 12:11:10
NIFTY24JUNFUT,2024-06-21 12:11:13
NIFTY24JUNFUT,2024-06-21 12:11:18
NIFTY24JUNFUT,2024-06-21 12:11:26
NIFTY24JUNFUT,2024-06-21 12:11:39
NIFTY24JUNFUT,2024-06-21 12:11:41
NIFTY24JUNFUT,2024-06-21 12:11:44
NIFTY24JUNFUT,2024-06-21 12:11:52
NIFTY24JUNFUT,2024-06-21 12:11:55
NIFTY24JUNFUT,2024-06-21 12:11:57
NIFTY24JUNFUT,2024-06-21 12:12:00
NIFTY24JUNFUT,2024-06-21 12:12:03
NIFTY24JUNFUT,2024-06-21 12:12:05
NIFTY24JUNFUT,2024-06-21 12:12:08
NIFTY24JUNFUT,2024-06-21 12:12:11
NIFTY24JUNFUT,2024-06-21 12:12:14
NIFTY24JUNFUT,2024-06-21 12:12:17
NIFTY24JUNFUT,2024-06-21 12:12:19
NIFTY24JUNFUT,2024-06-21 12:12:26
NIFTY24JUNFUT,2024-06-21 12:12:31
NIFTY24JUNFUT,2024-06-21 12:12:34
NIFTY24JUNFUT,2024-06-21 12:12:42
NIFTY24JUNFUT,2024-06-21 12:12:45
NIFTY24JUNFUT,2024-06-21 12:12:48
NIFTY24JUNFUT,2024-06-21 12:12:54
NIFTY24JUNFUT,2024-06-21 12:13:02
NIFTY24JUNFUT,2024-06-21 12:13:18
NIFTY24JUNFUT,2024-06-21 12:13:27
NIFTY24JUNFUT,2024-06-21 12:13:29
NIFTY24JUNFUT,2024-06-21 12:13:32
NIFTY24JUNFUT,2024-06-21 12:13:35
NIFTY24JUNFUT,2024-06-21 12:13:38
NIFTY24JUNFUT,2024-06-21 12:13:41
NIFTY24JUNFUT,2024-06-21 12:13:46
NIFTY24JUNFUT,2024-06-21 12:13:51
NIFTY24JUNFUT,2024-06-21 12:13:54
NIFTY24JUNFUT,2024-06-21 12:13:57
NIFTY24JUNFUT,2024-06-21 12:14:03
NIFTY24JUNFUT,2024-06-21 12:14:06
NIFTY24JUNFUT,2024-06-21 12:14:09
NIFTY24JUNFUT,2024-06-21 12:14:11
NIFTY24JUNFUT,2024-06-21 12:14:12
NIFTY24JUNFUT,2024-06-21 12:14:15
NIFTY24JUNFUT,2024-06-21 12:14:18
NIFTY24JUNFUT,2024-06-21 12:14:23
NIFTY24JUNFUT,2024-06-21 12:14:26
NIFTY24JUNFUT,2024-06-21 12:14:28
NIFTY24JUNFUT,2024-06-21 12:14:31
NIFTY24JUNFUT,2024-06-21 12:14:33
NIFTY24JUNFUT,2024-06-21 12:14:36
NIFTY24JUNFUT,2024-06-21 12:14:39
NIFTY24JUNFUT,2024-06-21 12:14:41
NIFTY24JUNFUT,2024-06-21 12:14:44
NIFTY24JUNFUT,2024-06-21 12:14:46
NIFTY24JUNFUT,2024-06-21 12:14:49
NIFTY24JUNFUT,2024-06-21 12:14:52
NIFTY24JUNFUT,2024-06-21 12:15:18
NIFTY24JUNFUT,2024-06-21 12:15:23
NIFTY24JUNFUT,2024-06-21 12:15:29
NIFTY24JUNFUT,2024-06-21 12:15:32
NIFTY24JUNFUT,2024-06-21 12:15:37
NIFTY24JUNFUT,2024-06-21 12:15:43
NIFTY24JUNFUT,2024-06-21 12:15:46
NIFTY24JUNFUT,2024-06-21 12:15:56
NIFTY24JUNFUT,2024-06-21 12:15:59
NIFTY24JUNFUT,2024-06-21 12:16:12
NIFTY24JUNFUT,2024-06-21 12:16:17
NIFTY24JUNFUT,2024-06-21 12:16:33
NIFTY24JUNFUT,2024-06-21 12:16:35
NIFTY24JUNFUT,2024-06-21 12:16:43
NIFTY24JUNFUT,2024-06-21 12:16:50
NIFTY24JUNFUT,2024-06-21 12:16:53
NIFTY24JUNFUT,2024-06-21 12:17:06
NIFTY24JUNFUT,2024-06-21 12:17:09
NIFTY24JUNFUT,2024-06-21 12:17:11
NIFTY24JUNFUT,2024-06-21 12:17:17
NIFTY24JUNFUT,2024-06-21 12:17:25
NIFTY24JUNFUT,2024-06-21 12:17:40
NIFTY24JUNFUT,2024-06-21 12:17:45
NIFTY24JUNFUT,2024-06-21 12:17:48
NIFTY24JUNFUT,2024-06-21 12:17:56
NIFTY24JUNFUT,2024-06-21 12:18:04
NIFTY24JUNFUT,2024-06-21 12:18:16
NIFTY24JUNFUT,2024-06-21 12:18:19
NIFTY24JUNFUT,2024-06-21 12:18:24
NIFTY24JUNFUT,2024-06-21 12:18:27
NIFTY24JUNFUT,2024-06-21 12:18:35
NIFTY24JUNFUT,2024-06-21 12:18:40
NIFTY24JUNFUT,2024-06-21 12:18:43
NIFTY24JUNFUT,2024-06-21 12:18:45
NIFTY24JUNFUT,2024-06-21 12:18:48
NIFTY24JUNFUT,2024-06-21 12:18:51
NIFTY24JUNFUT,2024-06-21 12:19:01
NIFTY24JUNFUT,2024-06-21 12:19:12
NIFTY24JUNFUT,2024-06-21 12:19:14
NIFTY24JUNFUT,2024-06-21 12:19:20
NIFTY24JUNFUT,2024-06-21 12:19:22
NIFTY24JUNFUT,2024-06-21 12:19:25
NIFTY24JUNFUT,2024-06-21 12:19:28
NIFTY24JUNFUT,2024-06-21 12:19:33
NIFTY24JUNFUT,2024-06-21 12:19:38
NIFTY24JUNFUT,2024-06-21 12:19:46
NIFTY24JUNFUT,2024-06-21 12:19:49
NIFTY24JUNFUT,2024-06-21 12:19:51
NIFTY24JUNFUT,2024-06-21 12:19:54
NIFTY24JUNFUT,2024-06-21 12:20:07
NIFTY24JUNFUT,2024-06-21 12:20:10
NIFTY24JUNFUT,2024-06-21 12:20:18
NIFTY24JUNFUT,2024-06-21 12:20:21
NIFTY24JUNFUT,2024-06-21 12:20:26
NIFTY24JUNFUT,2024-06-21 12:20:31
NIFTY24JUNFUT,2024-06-21 12:20:33
NIFTY24JUNFUT,2024-06-21 12:20:41
NIFTY24JUNFUT,2024-06-21 12:20:49
NIFTY24JUNFUT,2024-06-21 12:20:51
NIFTY24JUNFUT,2024-06-21 12:20:54
NIFTY24JUNFUT,2024-06-21 12:20:56
NIFTY24JUNFUT,2024-06-21 12:20:59
NIFTY24JUNFUT,2024-06-21 12:21:02
NIFTY24JUNFUT,2024-06-21 12:21:05
NIFTY24JUNFUT,2024-06-21 12:21:08
NIFTY24JUNFUT,2024-06-21 12:21:10
NIFTY24JUNFUT,2024-06-21 12:21:51
NIFTY24JUNFUT,2024-06-21 12:21:54
NIFTY24JUNFUT,2024-06-21 12:21:59
NIFTY24JUNFUT,2024-06-21 12:22:15
NIFTY24JUNFUT,2024-06-21 12:22:18
NIFTY24JUNFUT,2024-06-21 12:22:28
NIFTY24JUNFUT,2024-06-21 12:22:34
NIFTY24JUNFUT,2024-06-21 12:22:39
NIFTY24JUNFUT,2024-06-21 12:22:44
NIFTY24JUNFUT,2024-06-21 12:22:46
NIFTY24JUNFUT,2024-06-21 12:22:47
NIFTY24JUNFUT,2024-06-21 12:22:48
NIFTY24JUNFUT,2024-06-21 12:22:55
NIFTY24JUNFUT,2024-06-21 12:23:00
NIFTY24JUNFUT,2024-06-21 12:23:10
NIFTY24JUNFUT,2024-06-21 12:23:12
NIFTY24JUNFUT,2024-06-21 12:23:15
NIFTY24JUNFUT,2024-06-21 12:23:17
NIFTY24JUNFUT,2024-06-21 12:23:22
NIFTY24JUNFUT,2024-06-21 12:23:28
NIFTY24JUNFUT,2024-06-21 12:23:38
NIFTY24JUNFUT,2024-06-21 12:23:40
NIFTY24JUNFUT,2024-06-21 12:23:45
NIFTY24JUNFUT,2024-06-21 12:23:50
NIFTY24JUNFUT,2024-06-21 12:23:53
NIFTY24JUNFUT,2024-06-21 12:23:55
NIFTY24JUNFUT,2024-06-21 12:23:58
NIFTY24JUNFUT,2024-06-21 12:24:00
NIFTY24JUNFUT,2024-06-21 12:24:03
NIFTY24JUNFUT,2024-06-21 12:24:16
NIFTY24JUNFUT,2024-06-21 12:24:21
NIFTY24JUNFUT,2024-06-21 12:24:23
NIFTY24JUNFUT,2024-06-21 12:24:26
NIFTY24JUNFUT,2024-06-21 12:24:28
NIFTY24JUNFUT,2024-06-21 12:24:31
NIFTY24JUNFUT,2024-06-21 12:24:34
NIFTY24JUNFUT,2024-06-21 12:24:39
NIFTY24JUNFUT,2024-06-21 12:24:44
NIFTY24JUNFUT,2024-06-21 12:24:47
NIFTY24JUNFUT,2024-06-21 12:24:50
NIFTY24JUNFUT,2024-06-21 12:24:58
NIFTY24JUNFUT,2024-06-21 12:25:14
NIFTY24JUNFUT,2024-06-21 12:25:17
NIFTY24JUNFUT,2024-06-21 12:25:20
NIFTY24JUNFUT,2024-06-21 12:25:23
NIFTY24JUNFUT,2024-06-21 12:25:25
NIFTY24JUNFUT,2024-06-21 12:25:28
NIFTY24JUNFUT,2024-06-21 12:25:30
NIFTY24JUNFUT,2024-06-21 12:25:31
NIFTY24JUNFUT,2024-06-21 12:25:32
NIFTY24JUNFUT,2024-06-21 12:25:33
NIFTY24JUNFUT,2024-06-21 12:25:34
NIFTY24JUNFUT,2024-06-21 12:25:35
NIFTY24JUNFUT,2024-06-21 12:25:36
NIFTY24JUNFUT,2024-06-21 12:25:37
NIFTY24JUNFUT,2024-06-21 12:25:38
NIFTY24JUNFUT,2024-06-21 12:25:39
NIFTY24JUNFUT,2024-06-21 12:25:40
NIFTY24JUNFUT,2024-06-21 12:25:41
NIFTY24JUNFUT,2024-06-21 12:25:42
NIFTY24JUNFUT,2024-06-21 12:25:43
NIFTY24JUNFUT,2024-06-21 12:25:44
NIFTY24JUNFUT,2024-06-21 12:25:45
NIFTY24JUNFUT,2024-06-21 12:25:46
NIFTY24JUNFUT,2024-06-21 12:25:47
NIFTY24JUNFUT,2024-06-21 12:25:48
NIFTY24JUNFUT,2024-06-21 12:25:49
NIFTY24JUNFUT,2024-06-21 12:25:50
NIFTY24JUNFUT,2024-06-21 12:25:51
NIFTY24JUNFUT,2024-06-21 12:25:52
NIFTY24JUNFUT,2024-06-21 12:25:53
NIFTY24JUNFUT,2024-06-21 12:25:54
NIFTY24JUNFUT,2024-06-21 12:25:55
NIFTY24JUNFUT,2024-06-21 12:25:56
NIFTY24JUNFUT,2024-06-21 12:25:57
NIFTY24JUNFUT,2024-06-21 12:25:58
NIFTY24JUNFUT,2024-06-21 12:25:59
NIFTY24JUNFUT,2024-06-21 12:26:00
NIFTY24JUNFUT,2024-06-21 12:26:01
NIFTY24JUNFUT,2024-06-21 12:26:02
NIFTY24JUNFUT,2024-06-21 12:26:03
NIFTY24JUNFUT,2024-06-21 12:26:04
NIFTY24JUNFUT,2024-06-21 12:26:05
NIFTY24JUNFUT,2024-06-21 12:26:11
NIFTY24JUNFUT,2024-06-21 12:26:31
NIFTY24JUNFUT,2024-06-21 12:26:34
NIFTY24JUNFUT,2024-06-21 12:26:36
NIFTY24JUNFUT,2024-06-21 12:26:44
NIFTY24JUNFUT,2024-06-21 12:26:49
NIFTY24JUNFUT,2024-06-21 12:26:52
NIFTY24JUNFUT,2024-06-21 12:26:54
NIFTY24JUNFUT,2024-06-21 12:26:57
NIFTY24JUNFUT,2024-06-21 12:27:02
NIFTY24JUNFUT,2024-06-21 12:27:05
NIFTY24JUNFUT,2024-06-21 12:27:08
NIFTY24JUNFUT,2024-06-21 12:27:10
NIFTY24JUNFUT,2024-06-21 12:27:13
NIFTY24JUNFUT,2024-06-21 12:27:18
NIFTY24JUNFUT,2024-06-21 12:27:23
NIFTY24JUNFUT,2024-06-21 12:27:28
NIFTY24JUNFUT,2024-06-21 12:27:34
NIFTY24JUNFUT,2024-06-21 12:27:41
NIFTY24JUNFUT,2024-06-21 12:27:44
NIFTY24JUNFUT,2024-06-21 12:27:52
NIFTY24JUNFUT,2024-06-21 12:27:54
NIFTY24JUNFUT,2024-06-21 12:27:59
NIFTY24JUNFUT,2024-06-21 12:28:02
NIFTY24JUNFUT,2024-06-21 12:28:04
NIFTY24JUNFUT,2024-06-21 12:28:07
NIFTY24JUNFUT,2024-06-21 12:28:10
NIFTY24JUNFUT,2024-06-21 12:28:18
NIFTY24JUNFUT,2024-06-21 12:28:23
NIFTY24JUNFUT,2024-06-21 12:28:26
NIFTY24JUNFUT,2024-06-21 12:28:33
NIFTY24JUNFUT,2024-06-21 12:28:36
NIFTY24JUNFUT,2024-06-21 12:28:44
NIFTY24JUNFUT,2024-06-21 12:28:45
NIFTY24JUNFUT,2024-06-21 12:28:47
NIFTY24JUNFUT,2024-06-21 12:29:03
NIFTY24JUNFUT,2024-06-21 12:29:08
NIFTY24JUNFUT,2024-06-21 12:29:11
NIFTY24JUNFUT,2024-06-21 12:29:16
NIFTY24JUNFUT,2024-06-21 12:29:21
NIFTY24JUNFUT,2024-06-21 12:29:29
NIFTY24JUNFUT,2024-06-21 12:29:32
NIFTY24JUNFUT,2024-06-21 12:29:35
NIFTY24JUNFUT,2024-06-21 12:29:40
NIFTY24JUNFUT,2024-06-21 12:29:48
NIFTY24JUNFUT,2024-06-21 12:29:51
NIFTY24JUNFUT,2024-06-21 12:30:05
NIFTY24JUNFUT,2024-06-21 12:30:10
NIFTY24JUNFUT,2024-06-21 12:30:18
NIFTY24JUNFUT,2024-06-21 12:30:20
NIFTY24JUNFUT,2024-06-21 12:30:23
NIFTY24JUNFUT,2024-06-21 12:30:26
NIFTY24JUNFUT,2024-06-21 12:30:44
NIFTY24JUNFUT,2024-06-21 12:30:54
NIFTY24JUNFUT,2024-06-21 12:30:57
NIFTY24JUNFUT,2024-06-21 12:30:59
NIFTY24JUNFUT,2024-06-21 12:31:04
NIFTY24JUNFUT,2024-06-21 12:31:14
NIFTY24JUNFUT,2024-06-21 12:31:17
NIFTY24JUNFUT,2024-06-21 12:31:25
NIFTY24JUNFUT,2024-06-21 12:31:37
NIFTY24JUNFUT,2024-06-21 12:31:42
NIFTY24JUNFUT,2024-06-21 12:31:48
NIFTY24JUNFUT,2024-06-21 12:31:50
NIFTY24JUNFUT,2024-06-21 12:31:53
NIFTY24JUNFUT,2024-06-21 12:31:58
NIFTY24JUNFUT,2024-06-21 12:32:01
NIFTY24JUNFUT,2024-06-21 12:32:13
NIFTY24JUNFUT,2024-06-21 12:32:21
NIFTY24JUNFUT,2024-06-21 12:32:31
NIFTY24JUNFUT,2024-06-21 12:32:34
NIFTY24JUNFUT,2024-06-21 12:32:36
NIFTY24JUNFUT,2024-06-21 12:32:39
NIFTY24JUNFUT,2024-06-21 12:32:41
NIFTY24JUNFUT,2024-06-21 12:32:51
NIFTY24JUNFUT,2024-06-21 12:32:54
NIFTY24JUNFUT,2024-06-21 12:32:58
NIFTY24JUNFUT,2024-06-21 12:32:59
NIFTY24JUNFUT,2024-06-21 12:33:02
NIFTY24JUNFUT,2024-06-21 12:33:07
NIFTY24JUNFUT,2024-06-21 12:33:09
NIFTY24JUNFUT,2024-06-21 12:33:12
NIFTY24JUNFUT,2024-06-21 12:33:24
NIFTY24JUNFUT,2024-06-21 12:33:27
NIFTY24JUNFUT,2024-06-21 12:33:32
NIFTY24JUNFUT,2024-06-21 12:33:35
NIFTY24JUNFUT,2024-06-21 12:33:37
NIFTY24JUNFUT,2024-06-21 12:33:40
NIFTY24JUNFUT,2024-06-21 12:33:48
NIFTY24JUNFUT,2024-06-21 12:33:53
NIFTY24JUNFUT,2024-06-21 12:34:09
NIFTY24JUNFUT,2024-06-21 12:34:11
NIFTY24JUNFUT,2024-06-21 12:34:14
NIFTY24JUNFUT,2024-06-21 12:34:19
NIFTY24JUNFUT,2024-06-21 12:34:22
NIFTY24JUNFUT,2024-06-21 12:34:24
NIFTY24JUNFUT,2024-06-21 12:34:29
NIFTY24JUNFUT,2024-06-21 12:34:32
NIFTY24JUNFUT,2024-06-21 12:34:34
NIFTY24JUNFUT,2024-06-21 12:34:37
NIFTY24JUNFUT,2024-06-21 12:34:39
NIFTY24JUNFUT,2024-06-21 12:34:44
NIFTY24JUNFUT,2024-06-21 12:34:57
NIFTY24JUNFUT,2024-06-21 12:35:02
NIFTY24JUNFUT,2024-06-21 12:35:07
NIFTY24JUNFUT,2024-06-21 12:35:09
NIFTY24JUNFUT,2024-06-21 12:35:12
NIFTY24JUNFUT,2024-06-21 12:35:20
NIFTY24JUNFUT,2024-06-21 12:35:22
NIFTY24JUNFUT,2024-06-21 12:35:25
NIFTY24JUNFUT,2024-06-21 12:35:27
NIFTY24JUNFUT,2024-06-21 12:35:30
NIFTY24JUNFUT,2024-06-21 12:35:40
NIFTY24JUNFUT,2024-06-21 12:35:43
NIFTY24JUNFUT,2024-06-21 12:35:53
NIFTY24JUNFUT,2024-06-21 12:36:06
NIFTY24JUNFUT,2024-06-21 12:36:08
NIFTY24JUNFUT,2024-06-21 12:36:19
NIFTY24JUNFUT,2024-06-21 12:36:39
NIFTY24JUNFUT,2024-06-21 12:36:42
NIFTY24JUNFUT,2024-06-21 12:36:43
NIFTY24JUNFUT,2024-06-21 12:36:49
NIFTY24JUNFUT,2024-06-21 12:37:12
NIFTY24JUNFUT,2024-06-21 12:37:14
NIFTY24JUNFUT,2024-06-21 12:37:27
NIFTY24JUNFUT,2024-06-21 12:37:29
NIFTY24JUNFUT,2024-06-21 12:37:32
NIFTY24JUNFUT,2024-06-21 12:37:35
NIFTY24JUNFUT,2024-06-21 12:37:40
NIFTY24JUNFUT,2024-06-21 12:37:42
NIFTY24JUNFUT,2024-06-21 12:37:45
NIFTY24JUNFUT,2024-06-21 12:37:47
NIFTY24JUNFUT,2024-06-21 12:38:02
NIFTY24JUNFUT,2024-06-21 12:38:10
NIFTY24JUNFUT,2024-06-21 12:38:12
NIFTY24JUNFUT,2024-06-21 12:38:15
NIFTY24JUNFUT,2024-06-21 12:38:28
NIFTY24JUNFUT,2024-06-21 12:38:33
NIFTY24JUNFUT,2024-06-21 12:38:48
NIFTY24JUNFUT,2024-06-21 12:38:56
NIFTY24JUNFUT,2024-06-21 12:39:10
NIFTY24JUNFUT,2024-06-21 12:39:36
NIFTY24JUNFUT,2024-06-21 12:39:51
NIFTY24JUNFUT,2024-06-21 12:39:56
NIFTY24JUNFUT,2024-06-21 12:40:03
NIFTY24JUNFUT,2024-06-21 12:40:16
NIFTY24JUNFUT,2024-06-21 12:40:19
NIFTY24JUNFUT,2024-06-21 12:40:24
NIFTY24JUNFUT,2024-06-21 12:40:31
NIFTY24JUNFUT,2024-06-21 12:40:32
NIFTY24JUNFUT,2024-06-21 12:40:33
NIFTY24JUNFUT,2024-06-21 12:40:34
NIFTY24JUNFUT,2024-06-21 12:40:35
NIFTY24JUNFUT,2024-06-21 12:40:36
NIFTY24JUNFUT,2024-06-21 12:40:37
NIFTY24JUNFUT,2024-06-21 12:40:38
NIFTY24JUNFUT,2024-06-21 12:40:39
NIFTY24JUNFUT,2024-06-21 12:40:40
NIFTY24JUNFUT,2024-06-21 12:40:41
NIFTY24JUNFUT,2024-06-21 12:40:42
NIFTY24JUNFUT,2024-06-21 12:40:43
NIFTY24JUNFUT,2024-06-21 12:40:44
NIFTY24JUNFUT,2024-06-21 12:40:45
NIFTY24JUNFUT,2024-06-21 12:40:46
NIFTY24JUNFUT,2024-06-21 12:40:47
NIFTY24JUNFUT,2024-06-21 12:40:48
NIFTY24JUNFUT,2024-06-21 12:40:49
NIFTY24JUNFUT,2024-06-21 12:40:50
NIFTY24JUNFUT,2024-06-21 12:40:51
NIFTY24JUNFUT,2024-06-21 12:40:52
NIFTY24JUNFUT,2024-06-21 12:40:53
NIFTY24JUNFUT,2024-06-21 12:40:54
NIFTY24JUNFUT,2024-06-21 12:40:55
NIFTY24JUNFUT,2024-06-21 12:40:56
NIFTY24JUNFUT,2024-06-21 12:40:57
NIFTY24JUNFUT,2024-06-21 12:40:58
NIFTY24JUNFUT,2024-06-21 12:40:59
NIFTY24JUNFUT,2024-06-21 12:41:00
NIFTY24JUNFUT,2024-06-21 12:41:01
NIFTY24JUNFUT,2024-06-21 12:41:02
NIFTY24JUNFUT,2024-06-21 12:41:03
NIFTY24JUNFUT,2024-06-21 12:41:04
NIFTY24JUNFUT,2024-06-21 12:41:05
NIFTY24JUNFUT,2024-06-21 12:41:06
NIFTY24JUNFUT,2024-06-21 12:41:10
NIFTY24JUNFUT,2024-06-21 12:41:15
NIFTY24JUNFUT,2024-06-21 12:41:25
NIFTY24JUNFUT,2024-06-21 12:42:13
NIFTY24JUNFUT,2024-06-21 12:42:15
NIFTY24JUNFUT,2024-06-21 12:42:43
NIFTY24JUNFUT,2024-06-21 12:42:54
NIFTY24JUNFUT,2024-06-21 12:42:55
NIFTY24JUNFUT,2024-06-21 12:43:01
NIFTY24JUNFUT,2024-06-21 12:43:13
NIFTY24JUNFUT,2024-06-21 12:43:21
NIFTY24JUNFUT,2024-06-21 12:43:26
NIFTY24JUNFUT,2024-06-21 12:43:46
NIFTY24JUNFUT,2024-06-21 12:43:54
NIFTY24JUNFUT,2024-06-21 12:44:06
NIFTY24JUNFUT,2024-06-21 12:44:24
NIFTY24JUNFUT,2024-06-21 12:44:41
NIFTY24JUNFUT,2024-06-21 12:44:54
NIFTY24JUNFUT,2024-06-21 12:45:11
NIFTY24JUNFUT,2024-06-21 12:45:22
NIFTY24JUNFUT,2024-06-21 12:46:05
NIFTY24JUNFUT,2024-06-21 12:46:10
NIFTY24JUNFUT,2024-06-21 12:46:15
NIFTY24JUNFUT,2024-06-21 12:46:43
NIFTY24JUNFUT,2024-06-21 12:47:21
NIFTY24JUNFUT,2024-06-21 12:47:46
NIFTY24JUNFUT,2024-06-21 12:47:54
NIFTY24JUNFUT,2024-06-21 12:48:50
NIFTY24JUNFUT,2024-06-21 12:49:03
NIFTY24JUNFUT,2024-06-21 12:49:15
NIFTY24JUNFUT,2024-06-21 12:49:33
NIFTY24JUNFUT,2024-06-21 12:49:43
NIFTY24JUNFUT,2024-06-21 12:50:01
NIFTY24JUNFUT,2024-06-21 12:50:13
NIFTY24JUNFUT,2024-06-21 12:50:21
NIFTY24JUNFUT,2024-06-21 12:50:31
NIFTY24JUNFUT,2024-06-21 12:50:56
NIFTY24JUNFUT,2024-06-21 12:51:08
NIFTY24JUNFUT,2024-06-21 12:51:37
NIFTY24JUNFUT,2024-06-21 12:51:39
NIFTY24JUNFUT,2024-06-21 12:52:03
NIFTY24JUNFUT,2024-06-21 12:52:05
NIFTY24JUNFUT,2024-06-21 12:52:11
NIFTY24JUNFUT,2024-06-21 12:52:22
NIFTY24JUNFUT,2024-06-21 12:52:57
NIFTY24JUNFUT,2024-06-21 12:53:19
NIFTY24JUNFUT,2024-06-21 12:53:25
NIFTY24JUNFUT,2024-06-21 12:53:50
NIFTY24JUNFUT,2024-06-21 12:53:57
NIFTY24JUNFUT,2024-06-21 12:54:08
NIFTY24JUNFUT,2024-06-21 12:54:13
NIFTY24JUNFUT,2024-06-21 12:54:25
NIFTY24JUNFUT,2024-06-21 12:54:35
NIFTY24JUNFUT,2024-06-21 12:54:46
NIFTY24JUNFUT,2024-06-21 12:54:48
NIFTY24JUNFUT,2024-06-21 12:54:51
NIFTY24JUNFUT,2024-06-21 12:55:01
NIFTY24JUNFUT,2024-06-21 12:55:12
NIFTY24JUNFUT,2024-06-21 12:55:20
NIFTY24JUNFUT,2024-06-21 12:55:31
NIFTY24JUNFUT,2024-06-21 12:55:32
NIFTY24JUNFUT,2024-06-21 12:55:33
NIFTY24JUNFUT,2024-06-21 12:55:34
NIFTY24JUNFUT,2024-06-21 12:55:35
NIFTY24JUNFUT,2024-06-21 12:55:36
NIFTY24JUNFUT,2024-06-21 12:55:37
NIFTY24JUNFUT,2024-06-21 12:55:38
NIFTY24JUNFUT,2024-06-21 12:55:39
NIFTY24JUNFUT,2024-06-21 12:55:40
NIFTY24JUNFUT,2024-06-21 12:55:41
NIFTY24JUNFUT,2024-06-21 12:55:42
NIFTY24JUNFUT,2024-06-21 12:55:43
NIFTY24JUNFUT,2024-06-21 12:55:44
NIFTY24JUNFUT,2024-06-21 12:55:45
NIFTY24JUNFUT,2024-06-21 12:55:46
NIFTY24JUNFUT,2024-06-21 12:55:47
NIFTY24JUNFUT,2024-06-21 12:55:48
NIFTY24JUNFUT,2024-06-21 12:55:49
NIFTY24JUNFUT,2024-06-21 12:55:50
NIFTY24JUNFUT,2024-06-21 12:55:51
NIFTY24JUNFUT,2024-06-21 12:55:52
NIFTY24JUNFUT,2024-06-21 12:55:53
NIFTY24JUNFUT,2024-06-21 12:55:54
NIFTY24JUNFUT,2024-06-21 12:55:55
NIFTY24JUNFUT,2024-06-21 12:55:56
NIFTY24JUNFUT,2024-06-21 12:55:57
NIFTY24JUNFUT,2024-06-21 12:55:58
NIFTY24JUNFUT,2024-06-21 12:55:59
NIFTY24JUNFUT,2024-06-21 12:56:00
NIFTY24JUNFUT,2024-06-21 12:56:01
NIFTY24JUNFUT,2024-06-21 12:56:02
NIFTY24JUNFUT,2024-06-21 12:56:03
NIFTY24JUNFUT,2024-06-21 12:56:04
NIFTY24JUNFUT,2024-06-21 12:56:05
NIFTY24JUNFUT,2024-06-21 12:56:06
NIFTY24JUNFUT,2024-06-21 12:56:07
NIFTY24JUNFUT,2024-06-21 12:56:08
NIFTY24JUNFUT,2024-06-21 12:56:19
NIFTY24JUNFUT,2024-06-21 12:56:32
NIFTY24JUNFUT,2024-06-21 12:56:42
NIFTY24JUNFUT,2024-06-21 12:56:50
NIFTY24JUNFUT,2024-06-21 12:56:55
NIFTY24JUNFUT,2024-06-21 12:57:15
NIFTY24JUNFUT,2024-06-21 12:57:18
NIFTY24JUNFUT,2024-06-21 12:57:23
NIFTY24JUNFUT,2024-06-21 12:57:39
NIFTY24JUNFUT,2024-06-21 12:57:48
NIFTY24JUNFUT,2024-06-21 12:58:01
NIFTY24JUNFUT,2024-06-21 12:58:03
NIFTY24JUNFUT,2024-06-21 12:58:09
NIFTY24JUNFUT,2024-06-21 12:58:14
NIFTY24JUNFUT,2024-06-21 12:58:16
NIFTY24JUNFUT,2024-06-21 12:58:37
NIFTY24JUNFUT,2024-06-21 12:58:39
NIFTY24JUNFUT,2024-06-21 12:58:42
NIFTY24JUNFUT,2024-06-21 12:58:55
NIFTY24JUNFUT,2024-06-21 12:59:00
NIFTY24JUNFUT,2024-06-21 12:59:15
NIFTY24JUNFUT,2024-06-21 12:59:19
NIFTY24JUNFUT,2024-06-21 12:59:34
NIFTY24JUNFUT,2024-06-21 12:59:42
NIFTY24JUNFUT,2024-06-21 12:59:47
NIFTY24JUNFUT,2024-06-21 13:00:21
NIFTY24JUNFUT,2024-06-21 13:00:42
NIFTY24JUNFUT,2024-06-21 13:00:49
NIFTY24JUNFUT,2024-06-21 13:00:52
NIFTY24JUNFUT,2024-06-21 13:00:54
NIFTY24JUNFUT,2024-06-21 13:00:57
NIFTY24JUNFUT,2024-06-21 13:01:00
NIFTY24JUNFUT,2024-06-21 13:01:01
NIFTY24JUNFUT,2024-06-21 13:01:30
NIFTY24JUNFUT,2024-06-21 13:01:58
NIFTY24JUNFUT,2024-06-21 13:02:31
NIFTY24JUNFUT,2024-06-21 13:02:34
NIFTY24JUNFUT,2024-06-21 13:02:46
NIFTY24JUNFUT,2024-06-21 13:02:49
NIFTY24JUNFUT,2024-06-21 13:02:54
NIFTY24JUNFUT,2024-06-21 13:03:01
NIFTY24JUNFUT,2024-06-21 13:03:44
NIFTY24JUNFUT,2024-06-21 13:04:07
NIFTY24JUNFUT,2024-06-21 13:04:10
NIFTY24JUNFUT,2024-06-21 13:04:20
NIFTY24JUNFUT,2024-06-21 13:04:35
NIFTY24JUNFUT,2024-06-21 13:04:48
NIFTY24JUNFUT,2024-06-21 13:05:04
NIFTY24JUNFUT,2024-06-21 13:05:27
NIFTY24JUNFUT,2024-06-21 13:05:30
NIFTY24JUNFUT,2024-06-21 13:05:35
NIFTY24JUNFUT,2024-06-21 13:05:40
NIFTY24JUNFUT,2024-06-21 13:05:55
NIFTY24JUNFUT,2024-06-21 13:06:09
NIFTY24JUNFUT,2024-06-21 13:06:10
NIFTY24JUNFUT,2024-06-21 13:06:13
NIFTY24JUNFUT,2024-06-21 13:06:18
NIFTY24JUNFUT,2024-06-21 13:06:23
NIFTY24JUNFUT,2024-06-21 13:06:25
NIFTY24JUNFUT,2024-06-21 13:06:28
NIFTY24JUNFUT,2024-06-21 13:06:30
NIFTY24JUNFUT,2024-06-21 13:06:48
NIFTY24JUNFUT,2024-06-21 13:06:51
NIFTY24JUNFUT,2024-06-21 13:06:53
NIFTY24JUNFUT,2024-06-21 13:06:56
NIFTY24JUNFUT,2024-06-21 13:06:58
NIFTY24JUNFUT,2024-06-21 13:07:01
NIFTY24JUNFUT,2024-06-21 13:07:06
NIFTY24JUNFUT,2024-06-21 13:07:18
NIFTY24JUNFUT,2024-06-21 13:07:26
NIFTY24JUNFUT,2024-06-21 13:07:41
NIFTY24JUNFUT,2024-06-21 13:07:51
NIFTY24JUNFUT,2024-06-21 13:08:04
NIFTY24JUNFUT,2024-06-21 13:08:09
NIFTY24JUNFUT,2024-06-21 13:08:11
NIFTY24JUNFUT,2024-06-21 13:08:14
NIFTY24JUNFUT,2024-06-21 13:08:24
NIFTY24JUNFUT,2024-06-21 13:08:29
NIFTY24JUNFUT,2024-06-21 13:08:39
NIFTY24JUNFUT,2024-06-21 13:08:54
NIFTY24JUNFUT,2024-06-21 13:09:19
NIFTY24JUNFUT,2024-06-21 13:09:25
NIFTY24JUNFUT,2024-06-21 13:09:27
NIFTY24JUNFUT,2024-06-21 13:09:30
NIFTY24JUNFUT,2024-06-21 13:09:40
NIFTY24JUNFUT,2024-06-21 13:09:55
NIFTY24JUNFUT,2024-06-21 13:10:00
NIFTY24JUNFUT,2024-06-21 13:10:15
NIFTY24JUNFUT,2024-06-21 13:10:18
NIFTY24JUNFUT,2024-06-21 13:10:26
NIFTY24JUNFUT,2024-06-21 13:10:33
NIFTY24JUNFUT,2024-06-21 13:10:35
NIFTY24JUNFUT,2024-06-21 13:10:51
NIFTY24JUNFUT,2024-06-21 13:11:04
NIFTY24JUNFUT,2024-06-21 13:11:09
NIFTY24JUNFUT,2024-06-21 13:11:24
NIFTY24JUNFUT,2024-06-21 13:11:32
NIFTY24JUNFUT,2024-06-21 13:11:44
NIFTY24JUNFUT,2024-06-21 13:11:50
NIFTY24JUNFUT,2024-06-21 13:11:52
NIFTY24JUNFUT,2024-06-21 13:12:00
NIFTY24JUNFUT,2024-06-21 13:12:05
NIFTY24JUNFUT,2024-06-21 13:12:15
NIFTY24JUNFUT,2024-06-21 13:12:18
NIFTY24JUNFUT,2024-06-21 13:12:23
NIFTY24JUNFUT,2024-06-21 13:12:33
NIFTY24JUNFUT,2024-06-21 13:12:38
NIFTY24JUNFUT,2024-06-21 13:12:46
NIFTY24JUNFUT,2024-06-21 13:13:11
NIFTY24JUNFUT,2024-06-21 13:13:26
NIFTY24JUNFUT,2024-06-21 13:13:28
NIFTY24JUNFUT,2024-06-21 13:13:31
NIFTY24JUNFUT,2024-06-21 13:14:06
NIFTY24JUNFUT,2024-06-21 13:14:08
NIFTY24JUNFUT,2024-06-21 13:14:13
NIFTY24JUNFUT,2024-06-21 13:14:14
NIFTY24JUNFUT,2024-06-21 13:14:21
NIFTY24JUNFUT,2024-06-21 13:14:24
NIFTY24JUNFUT,2024-06-21 13:14:26
NIFTY24JUNFUT,2024-06-21 13:15:12
NIFTY24JUNFUT,2024-06-21 13:15:32
NIFTY24JUNFUT,2024-06-21 13:15:52
NIFTY24JUNFUT,2024-06-21 13:15:55
NIFTY24JUNFUT,2024-06-21 13:16:15
NIFTY24JUNFUT,2024-06-21 13:16:30
NIFTY24JUNFUT,2024-06-21 13:16:40
NIFTY24JUNFUT,2024-06-21 13:16:43
NIFTY24JUNFUT,2024-06-21 13:17:08
NIFTY24JUNFUT,2024-06-21 13:17:26
NIFTY24JUNFUT,2024-06-21 13:17:56
NIFTY24JUNFUT,2024-06-21 13:18:16
NIFTY24JUNFUT,2024-06-21 13:18:19
NIFTY24JUNFUT,2024-06-21 13:18:29
NIFTY24JUNFUT,2024-06-21 13:18:37
NIFTY24JUNFUT,2024-06-21 13:18:39
NIFTY24JUNFUT,2024-06-21 13:18:44
NIFTY24JUNFUT,2024-06-21 13:18:45
NIFTY24JUNFUT,2024-06-21 13:18:57
NIFTY24JUNFUT,2024-06-21 13:18:59
NIFTY24JUNFUT,2024-06-21 13:19:02
NIFTY24JUNFUT,2024-06-21 13:19:07
NIFTY24JUNFUT,2024-06-21 13:19:11
NIFTY24JUNFUT,2024-06-21 13:20:28
NIFTY24JUNFUT,2024-06-21 13:20:33
NIFTY24JUNFUT,2024-06-21 13:20:36
NIFTY24JUNFUT,2024-06-21 13:20:41
NIFTY24JUNFUT,2024-06-21 13:20:51
NIFTY24JUNFUT,2024-06-21 13:20:56
NIFTY24JUNFUT,2024-06-21 13:20:59
NIFTY24JUNFUT,2024-06-21 13:21:04
NIFTY24JUNFUT,2024-06-21 13:21:08
NIFTY24JUNFUT,2024-06-21 13:21:10
NIFTY24JUNFUT,2024-06-21 13:21:17
NIFTY24JUNFUT,2024-06-21 13:21:20
NIFTY24JUNFUT,2024-06-21 13:21:25
NIFTY24JUNFUT,2024-06-21 13:21:28
NIFTY24JUNFUT,2024-06-21 13:21:30
NIFTY24JUNFUT,2024-06-21 13:21:46
NIFTY24JUNFUT,2024-06-21 13:21:54
NIFTY24JUNFUT,2024-06-21 13:22:01
NIFTY24JUNFUT,2024-06-21 13:22:19
NIFTY24JUNFUT,2024-06-21 13:22:27
NIFTY24JUNFUT,2024-06-21 13:22:52
NIFTY24JUNFUT,2024-06-21 13:23:02
NIFTY24JUNFUT,2024-06-21 13:23:07
NIFTY24JUNFUT,2024-06-21 13:23:15
NIFTY24JUNFUT,2024-06-21 13:23:23
NIFTY24JUNFUT,2024-06-21 13:23:46
NIFTY24JUNFUT,2024-06-21 13:24:04
NIFTY24JUNFUT,2024-06-21 13:24:06
NIFTY24JUNFUT,2024-06-21 13:24:37
NIFTY24JUNFUT,2024-06-21 13:24:49
NIFTY24JUNFUT,2024-06-21 13:25:07
NIFTY24JUNFUT,2024-06-21 13:25:15
NIFTY24JUNFUT,2024-06-21 13:25:33
NIFTY24JUNFUT,2024-06-21 13:25:38
NIFTY24JUNFUT,2024-06-21 13:25:40
NIFTY24JUNFUT,2024-06-21 13:25:45
NIFTY24JUNFUT,2024-06-21 13:25:56
NIFTY24JUNFUT,2024-06-21 13:25:58
NIFTY24JUNFUT,2024-06-21 13:26:26
NIFTY24JUNFUT,2024-06-21 13:26:29
NIFTY24JUNFUT,2024-06-21 13:26:49
NIFTY24JUNFUT,2024-06-21 13:26:51
NIFTY24JUNFUT,2024-06-21 13:26:59
NIFTY24JUNFUT,2024-06-21 13:27:32
NIFTY24JUNFUT,2024-06-21 13:27:37
NIFTY24JUNFUT,2024-06-21 13:27:40
NIFTY24JUNFUT,2024-06-21 13:27:42
NIFTY24JUNFUT,2024-06-21 13:27:45
NIFTY24JUNFUT,2024-06-21 13:27:47
NIFTY24JUNFUT,2024-06-21 13:27:50
NIFTY24JUNFUT,2024-06-21 13:27:53
NIFTY24JUNFUT,2024-06-21 13:28:00
NIFTY24JUNFUT,2024-06-21 13:28:15
NIFTY24JUNFUT,2024-06-21 13:28:18
NIFTY24JUNFUT,2024-06-21 13:28:20
NIFTY24JUNFUT,2024-06-21 13:28:44
NIFTY24JUNFUT,2024-06-21 13:28:49
NIFTY24JUNFUT,2024-06-21 13:28:58
NIFTY24JUNFUT,2024-06-21 13:29:11
NIFTY24JUNFUT,2024-06-21 13:29:19
NIFTY24JUNFUT,2024-06-21 13:29:22
NIFTY24JUNFUT,2024-06-21 13:29:24
NIFTY24JUNFUT,2024-06-21 13:29:27
NIFTY24JUNFUT,2024-06-21 13:29:29
NIFTY24JUNFUT,2024-06-21 13:29:35
NIFTY24JUNFUT,2024-06-21 13:29:40
NIFTY24JUNFUT,2024-06-21 13:29:43
NIFTY24JUNFUT,2024-06-21 13:29:55
NIFTY24JUNFUT,2024-06-21 13:30:00
NIFTY24JUNFUT,2024-06-21 13:30:03
NIFTY24JUNFUT,2024-06-21 13:30:26
NIFTY24JUNFUT,2024-06-21 13:30:31
NIFTY24JUNFUT,2024-06-21 13:30:38
NIFTY24JUNFUT,2024-06-21 13:30:40
NIFTY24JUNFUT,2024-06-21 13:30:43
NIFTY24JUNFUT,2024-06-21 13:31:01
NIFTY24JUNFUT,2024-06-21 13:31:06
NIFTY24JUNFUT,2024-06-21 13:31:07
NIFTY24JUNFUT,2024-06-21 13:31:18
NIFTY24JUNFUT,2024-06-21 13:31:24
NIFTY24JUNFUT,2024-06-21 13:31:28
NIFTY24JUNFUT,2024-06-21 13:31:34
NIFTY24JUNFUT,2024-06-21 13:31:39
NIFTY24JUNFUT,2024-06-21 13:31:41
NIFTY24JUNFUT,2024-06-21 13:31:46
NIFTY24JUNFUT,2024-06-21 13:31:52
NIFTY24JUNFUT,2024-06-21 13:32:12
NIFTY24JUNFUT,2024-06-21 13:32:14
NIFTY24JUNFUT,2024-06-21 13:32:17
NIFTY24JUNFUT,2024-06-21 13:32:40
NIFTY24JUNFUT,2024-06-21 13:32:45
NIFTY24JUNFUT,2024-06-21 13:32:58
NIFTY24JUNFUT,2024-06-21 13:33:05
NIFTY24JUNFUT,2024-06-21 13:33:08
NIFTY24JUNFUT,2024-06-21 13:33:10
NIFTY24JUNFUT,2024-06-21 13:33:13
NIFTY24JUNFUT,2024-06-21 13:33:21
NIFTY24JUNFUT,2024-06-21 13:33:23
NIFTY24JUNFUT,2024-06-21 13:33:26
NIFTY24JUNFUT,2024-06-21 13:33:29
NIFTY24JUNFUT,2024-06-21 13:33:31
NIFTY24JUNFUT,2024-06-21 13:33:39
NIFTY24JUNFUT,2024-06-21 13:33:42
NIFTY24JUNFUT,2024-06-21 13:33:44
NIFTY24JUNFUT,2024-06-21 13:33:52
NIFTY24JUNFUT,2024-06-21 13:33:55
NIFTY24JUNFUT,2024-06-21 13:34:05
NIFTY24JUNFUT,2024-06-21 13:34:08
NIFTY24JUNFUT,2024-06-21 13:34:10
NIFTY24JUNFUT,2024-06-21 13:34:13
NIFTY24JUNFUT,2024-06-21 13:34:18
NIFTY24JUNFUT,2024-06-21 13:34:20
NIFTY24JUNFUT,2024-06-21 13:34:25
NIFTY24JUNFUT,2024-06-21 13:34:26
NIFTY24JUNFUT,2024-06-21 13:34:31
NIFTY24JUNFUT,2024-06-21 13:34:36
NIFTY24JUNFUT,2024-06-21 13:34:39
NIFTY24JUNFUT,2024-06-21 13:34:40
NIFTY24JUNFUT,2024-06-21 13:34:44
NIFTY24JUNFUT,2024-06-21 13:34:49
NIFTY24JUNFUT,2024-06-21 13:34:54
NIFTY24JUNFUT,2024-06-21 13:34:57
NIFTY24JUNFUT,2024-06-21 13:35:05
NIFTY24JUNFUT,2024-06-21 13:35:13
NIFTY24JUNFUT,2024-06-21 13:35:16
NIFTY24JUNFUT,2024-06-21 13:35:21
NIFTY24JUNFUT,2024-06-21 13:35:26
NIFTY24JUNFUT,2024-06-21 13:35:28
NIFTY24JUNFUT,2024-06-21 13:35:29
NIFTY24JUNFUT,2024-06-21 13:35:35
NIFTY24JUNFUT,2024-06-21 13:35:37
NIFTY24JUNFUT,2024-06-21 13:35:40
NIFTY24JUNFUT,2024-06-21 13:35:48
NIFTY24JUNFUT,2024-06-21 13:35:51
NIFTY24JUNFUT,2024-06-21 13:35:59
NIFTY24JUNFUT,2024-06-21 13:36:02
NIFTY24JUNFUT,2024-06-21 13:36:05
NIFTY24JUNFUT,2024-06-21 13:36:20
NIFTY24JUNFUT,2024-06-21 13:36:24
NIFTY24JUNFUT,2024-06-21 13:36:29
NIFTY24JUNFUT,2024-06-21 13:36:34
NIFTY24JUNFUT,2024-06-21 13:36:35
NIFTY24JUNFUT,2024-06-21 13:36:37
NIFTY24JUNFUT,2024-06-21 13:36:39
NIFTY24JUNFUT,2024-06-21 13:36:44
NIFTY24JUNFUT,2024-06-21 13:36:45
NIFTY24JUNFUT,2024-06-21 13:36:52
NIFTY24JUNFUT,2024-06-21 13:37:10
NIFTY24JUNFUT,2024-06-21 13:37:15
NIFTY24JUNFUT,2024-06-21 13:37:38
NIFTY24JUNFUT,2024-06-21 13:37:43
NIFTY24JUNFUT,2024-06-21 13:38:09
NIFTY24JUNFUT,2024-06-21 13:38:12
NIFTY24JUNFUT,2024-06-21 13:38:14
NIFTY24JUNFUT,2024-06-21 13:38:20
NIFTY24JUNFUT,2024-06-21 13:38:26
NIFTY24JUNFUT,2024-06-21 13:38:29
NIFTY24JUNFUT,2024-06-21 13:38:32
NIFTY24JUNFUT,2024-06-21 13:38:34
NIFTY24JUNFUT,2024-06-21 13:38:37
NIFTY24JUNFUT,2024-06-21 13:38:39
NIFTY24JUNFUT,2024-06-21 13:38:47
NIFTY24JUNFUT,2024-06-21 13:38:52
NIFTY24JUNFUT,2024-06-21 13:39:10
NIFTY24JUNFUT,2024-06-21 13:39:17
NIFTY24JUNFUT,2024-06-21 13:39:22
NIFTY24JUNFUT,2024-06-21 13:39:27
NIFTY24JUNFUT,2024-06-21 13:39:30
NIFTY24JUNFUT,2024-06-21 13:39:33
NIFTY24JUNFUT,2024-06-21 13:39:40
NIFTY24JUNFUT,2024-06-21 13:39:43
NIFTY24JUNFUT,2024-06-21 13:39:49
NIFTY24JUNFUT,2024-06-21 13:39:51
NIFTY24JUNFUT,2024-06-21 13:39:53
NIFTY24JUNFUT,2024-06-21 13:40:04
NIFTY24JUNFUT,2024-06-21 13:40:16
NIFTY24JUNFUT,2024-06-21 13:40:18
NIFTY24JUNFUT,2024-06-21 13:40:21
NIFTY24JUNFUT,2024-06-21 13:40:27
NIFTY24JUNFUT,2024-06-21 13:40:32
NIFTY24JUNFUT,2024-06-21 13:40:35
NIFTY24JUNFUT,2024-06-21 13:40:40
NIFTY24JUNFUT,2024-06-21 13:40:46
NIFTY24JUNFUT,2024-06-21 13:40:48
NIFTY24JUNFUT,2024-06-21 13:40:51
NIFTY24JUNFUT,2024-06-21 13:41:06
NIFTY24JUNFUT,2024-06-21 13:41:09
NIFTY24JUNFUT,2024-06-21 13:41:21
NIFTY24JUNFUT,2024-06-21 13:41:24
NIFTY24JUNFUT,2024-06-21 13:41:40
NIFTY24JUNFUT,2024-06-21 13:41:55
NIFTY24JUNFUT,2024-06-21 13:41:57
NIFTY24JUNFUT,2024-06-21 13:42:00
NIFTY24JUNFUT,2024-06-21 13:42:02
NIFTY24JUNFUT,2024-06-21 13:42:05
NIFTY24JUNFUT,2024-06-21 13:42:13
NIFTY24JUNFUT,2024-06-21 13:42:21
NIFTY24JUNFUT,2024-06-21 13:42:24
NIFTY24JUNFUT,2024-06-21 13:42:27
NIFTY24JUNFUT,2024-06-21 13:42:32
NIFTY24JUNFUT,2024-06-21 13:42:34
NIFTY24JUNFUT,2024-06-21 13:42:38
NIFTY24JUNFUT,2024-06-21 13:42:42
NIFTY24JUNFUT,2024-06-21 13:42:58
NIFTY24JUNFUT,2024-06-21 13:43:11
NIFTY24JUNFUT,2024-06-21 13:43:19
NIFTY24JUNFUT,2024-06-21 13:43:24
NIFTY24JUNFUT,2024-06-21 13:43:29
NIFTY24JUNFUT,2024-06-21 13:43:34
NIFTY24JUNFUT,2024-06-21 13:43:39
NIFTY24JUNFUT,2024-06-21 13:43:42
NIFTY24JUNFUT,2024-06-21 13:43:55
NIFTY24JUNFUT,2024-06-21 13:44:02
NIFTY24JUNFUT,2024-06-21 13:44:12
NIFTY24JUNFUT,2024-06-21 13:44:15
NIFTY24JUNFUT,2024-06-21 13:44:36
NIFTY24JUNFUT,2024-06-21 13:44:51
NIFTY24JUNFUT,2024-06-21 13:44:57
NIFTY24JUNFUT,2024-06-21 13:45:05
NIFTY24JUNFUT,2024-06-21 13:45:07
NIFTY24JUNFUT,2024-06-21 13:45:10
NIFTY24JUNFUT,2024-06-21 13:45:13
NIFTY24JUNFUT,2024-06-21 13:45:15
NIFTY24JUNFUT,2024-06-21 13:45:29
NIFTY24JUNFUT,2024-06-21 13:45:31
NIFTY24JUNFUT,2024-06-21 13:45:37
NIFTY24JUNFUT,2024-06-21 13:45:38
NIFTY24JUNFUT,2024-06-21 13:45:39
NIFTY24JUNFUT,2024-06-21 13:45:42
NIFTY24JUNFUT,2024-06-21 13:45:52
NIFTY24JUNFUT,2024-06-21 13:46:00
NIFTY24JUNFUT,2024-06-21 13:46:13
NIFTY24JUNFUT,2024-06-21 13:46:23
NIFTY24JUNFUT,2024-06-21 13:46:37
NIFTY24JUNFUT,2024-06-21 13:46:51
NIFTY24JUNFUT,2024-06-21 13:47:02
NIFTY24JUNFUT,2024-06-21 13:47:08
NIFTY24JUNFUT,2024-06-21 13:47:11
NIFTY24JUNFUT,2024-06-21 13:47:19
NIFTY24JUNFUT,2024-06-21 13:47:22
NIFTY24JUNFUT,2024-06-21 13:47:30
NIFTY24JUNFUT,2024-06-21 13:47:33
NIFTY24JUNFUT,2024-06-21 13:47:51
NIFTY24JUNFUT,2024-06-21 13:47:57
NIFTY24JUNFUT,2024-06-21 13:48:13
NIFTY24JUNFUT,2024-06-21 13:48:16
NIFTY24JUNFUT,2024-06-21 13:48:19
NIFTY24JUNFUT,2024-06-21 13:48:30
NIFTY24JUNFUT,2024-06-21 13:48:44
NIFTY24JUNFUT,2024-06-21 13:48:49
NIFTY24JUNFUT,2024-06-21 13:48:58
NIFTY24JUNFUT,2024-06-21 13:49:03
NIFTY24JUNFUT,2024-06-21 13:49:39
NIFTY24JUNFUT,2024-06-21 13:49:44
NIFTY24JUNFUT,2024-06-21 13:49:52
NIFTY24JUNFUT,2024-06-21 13:49:59
NIFTY24JUNFUT,2024-06-21 13:50:07
NIFTY24JUNFUT,2024-06-21 13:50:09
NIFTY24JUNFUT,2024-06-21 13:50:15
NIFTY24JUNFUT,2024-06-21 13:50:25
NIFTY24JUNFUT,2024-06-21 13:50:26
NIFTY24JUNFUT,2024-06-21 13:50:27
NIFTY24JUNFUT,2024-06-21 13:50:37
NIFTY24JUNFUT,2024-06-21 13:50:44
NIFTY24JUNFUT,2024-06-21 13:50:45
NIFTY24JUNFUT,2024-06-21 13:50:50
NIFTY24JUNFUT,2024-06-21 13:50:53
NIFTY24JUNFUT,2024-06-21 13:50:58
NIFTY24JUNFUT,2024-06-21 13:51:03
NIFTY24JUNFUT,2024-06-21 13:51:07
NIFTY24JUNFUT,2024-06-21 13:51:08
NIFTY24JUNFUT,2024-06-21 13:51:13
NIFTY24JUNFUT,2024-06-21 13:51:16
NIFTY24JUNFUT,2024-06-21 13:51:33
NIFTY24JUNFUT,2024-06-21 13:51:34
NIFTY24JUNFUT,2024-06-21 13:51:53
NIFTY24JUNFUT,2024-06-21 13:51:56
NIFTY24JUNFUT,2024-06-21 13:51:57
NIFTY24JUNFUT,2024-06-21 13:52:06
NIFTY24JUNFUT,2024-06-21 13:52:09
NIFTY24JUNFUT,2024-06-21 13:52:20
NIFTY24JUNFUT,2024-06-21 13:52:22
NIFTY24JUNFUT,2024-06-21 13:52:32
NIFTY24JUNFUT,2024-06-21 13:52:45
NIFTY24JUNFUT,2024-06-21 13:53:05
NIFTY24JUNFUT,2024-06-21 13:53:07
NIFTY24JUNFUT,2024-06-21 13:54:08
NIFTY24JUNFUT,2024-06-21 13:54:18
NIFTY24JUNFUT,2024-06-21 13:54:41
NIFTY24JUNFUT,2024-06-21 13:55:20
NIFTY24JUNFUT,2024-06-21 13:55:31
NIFTY24JUNFUT,2024-06-21 13:55:58
NIFTY24JUNFUT,2024-06-21 13:56:01
NIFTY24JUNFUT,2024-06-21 13:56:54
NIFTY24JUNFUT,2024-06-21 13:57:04
NIFTY24JUNFUT,2024-06-21 13:57:12
NIFTY24JUNFUT,2024-06-21 13:57:27
NIFTY24JUNFUT,2024-06-21 13:57:50
NIFTY24JUNFUT,2024-06-21 13:58:02
NIFTY24JUNFUT,2024-06-21 13:58:21
NIFTY24JUNFUT,2024-06-21 13:58:31
NIFTY24JUNFUT,2024-06-21 13:59:01
NIFTY24JUNFUT,2024-06-21 13:59:22
NIFTY24JUNFUT,2024-06-21 13:59:25
NIFTY24JUNFUT,2024-06-21 13:59:29
NIFTY24JUNFUT,2024-06-21 13:59:35
NIFTY24JUNFUT,2024-06-21 13:59:37
NIFTY24JUNFUT,2024-06-21 13:59:40
NIFTY24JUNFUT,2024-06-21 14:00:07
NIFTY24JUNFUT,2024-06-21 14:00:15
NIFTY24JUNFUT,2024-06-21 14:00:20
NIFTY24JUNFUT,2024-06-21 14:00:25
NIFTY24JUNFUT,2024-06-21 14:00:30
NIFTY24JUNFUT,2024-06-21 14:00:33
NIFTY24JUNFUT,2024-06-21 14:00:40
NIFTY24JUNFUT,2024-06-21 14:00:48
NIFTY24JUNFUT,2024-06-21 14:00:53
NIFTY24JUNFUT,2024-06-21 14:00:55
NIFTY24JUNFUT,2024-06-21 14:00:58
NIFTY24JUNFUT,2024-06-21 14:01:08
NIFTY24JUNFUT,2024-06-21 14:01:21
NIFTY24JUNFUT,2024-06-21 14:01:23
NIFTY24JUNFUT,2024-06-21 14:01:26
NIFTY24JUNFUT,2024-06-21 14:01:36
NIFTY24JUNFUT,2024-06-21 14:01:39
NIFTY24JUNFUT,2024-06-21 14:01:44
NIFTY24JUNFUT,2024-06-21 14:01:56
NIFTY24JUNFUT,2024-06-21 14:02:14
NIFTY24JUNFUT,2024-06-21 14:02:21
NIFTY24JUNFUT,2024-06-21 14:02:24
NIFTY24JUNFUT,2024-06-21 14:02:34
NIFTY24JUNFUT,2024-06-21 14:02:36
NIFTY24JUNFUT,2024-06-21 14:02:39
NIFTY24JUNFUT,2024-06-21 14:02:52
NIFTY24JUNFUT,2024-06-21 14:02:54
NIFTY24JUNFUT,2024-06-21 14:03:12
NIFTY24JUNFUT,2024-06-21 14:03:19
NIFTY24JUNFUT,2024-06-21 14:03:25
NIFTY24JUNFUT,2024-06-21 14:03:27
NIFTY24JUNFUT,2024-06-21 14:03:37
NIFTY24JUNFUT,2024-06-21 14:03:40
NIFTY24JUNFUT,2024-06-21 14:03:50
NIFTY24JUNFUT,2024-06-21 14:04:00
NIFTY24JUNFUT,2024-06-21 14:04:07
NIFTY24JUNFUT,2024-06-21 14:04:27
NIFTY24JUNFUT,2024-06-21 14:04:28
NIFTY24JUNFUT,2024-06-21 14:04:29
NIFTY24JUNFUT,2024-06-21 14:04:43
NIFTY24JUNFUT,2024-06-21 14:04:54
NIFTY24JUNFUT,2024-06-21 14:04:59
NIFTY24JUNFUT,2024-06-21 14:05:02
NIFTY24JUNFUT,2024-06-21 14:05:18
NIFTY24JUNFUT,2024-06-21 14:05:20
NIFTY24JUNFUT,2024-06-21 14:05:40
NIFTY24JUNFUT,2024-06-21 14:05:57
NIFTY24JUNFUT,2024-06-21 14:05:58
NIFTY24JUNFUT,2024-06-21 14:06:00
NIFTY24JUNFUT,2024-06-21 14:06:08
NIFTY24JUNFUT,2024-06-21 14:06:15
NIFTY24JUNFUT,2024-06-21 14:06:41
NIFTY24JUNFUT,2024-06-21 14:07:04
NIFTY24JUNFUT,2024-06-21 14:07:20
NIFTY24JUNFUT,2024-06-21 14:07:48
NIFTY24JUNFUT,2024-06-21 14:07:51
NIFTY24JUNFUT,2024-06-21 14:07:53
NIFTY24JUNFUT,2024-06-21 14:08:08
NIFTY24JUNFUT,2024-06-21 14:08:13
NIFTY24JUNFUT,2024-06-21 14:08:18
NIFTY24JUNFUT,2024-06-21 14:08:24
NIFTY24JUNFUT,2024-06-21 14:08:34
NIFTY24JUNFUT,2024-06-21 14:09:02
NIFTY24JUNFUT,2024-06-21 14:09:04
NIFTY24JUNFUT,2024-06-21 14:09:07
NIFTY24JUNFUT,2024-06-21 14:09:35
NIFTY24JUNFUT,2024-06-21 14:09:37
NIFTY24JUNFUT,2024-06-21 14:09:55
NIFTY24JUNFUT,2024-06-21 14:10:05
NIFTY24JUNFUT,2024-06-21 14:10:15
NIFTY24JUNFUT,2024-06-21 14:10:28
NIFTY24JUNFUT,2024-06-21 14:10:30
NIFTY24JUNFUT,2024-06-21 14:10:33
NIFTY24JUNFUT,2024-06-21 14:10:43
NIFTY24JUNFUT,2024-06-21 14:10:45
NIFTY24JUNFUT,2024-06-21 14:10:50
NIFTY24JUNFUT,2024-06-21 14:11:14
NIFTY24JUNFUT,2024-06-21 14:11:32
NIFTY24JUNFUT,2024-06-21 14:11:34
NIFTY24JUNFUT,2024-06-21 14:11:37
NIFTY24JUNFUT,2024-06-21 14:11:38
NIFTY24JUNFUT,2024-06-21 14:11:40
NIFTY24JUNFUT,2024-06-21 14:11:42
NIFTY24JUNFUT,2024-06-21 14:11:45
NIFTY24JUNFUT,2024-06-21 14:11:48
NIFTY24JUNFUT,2024-06-21 14:12:01
NIFTY24JUNFUT,2024-06-21 14:12:15
NIFTY24JUNFUT,2024-06-21 14:12:23
NIFTY24JUNFUT,2024-06-21 14:12:28
NIFTY24JUNFUT,2024-06-21 14:12:41
NIFTY24JUNFUT,2024-06-21 14:13:32
NIFTY24JUNFUT,2024-06-21 14:13:43
NIFTY24JUNFUT,2024-06-21 14:13:45
NIFTY24JUNFUT,2024-06-21 14:13:48
NIFTY24JUNFUT,2024-06-21 14:13:53
NIFTY24JUNFUT,2024-06-21 14:14:09
NIFTY24JUNFUT,2024-06-21 14:14:11
NIFTY24JUNFUT,2024-06-21 14:14:14
NIFTY24JUNFUT,2024-06-21 14:14:17
NIFTY24JUNFUT,2024-06-21 14:14:32
NIFTY24JUNFUT,2024-06-21 14:14:35
NIFTY24JUNFUT,2024-06-21 14:14:45
NIFTY24JUNFUT,2024-06-21 14:14:48
NIFTY24JUNFUT,2024-06-21 14:14:50
NIFTY24JUNFUT,2024-06-21 14:14:51
NIFTY24JUNFUT,2024-06-21 14:15:09
NIFTY24JUNFUT,2024-06-21 14:16:03
NIFTY24JUNFUT,2024-06-21 14:16:14
NIFTY24JUNFUT,2024-06-21 14:16:16
NIFTY24JUNFUT,2024-06-21 14:16:26
NIFTY24JUNFUT,2024-06-21 14:16:29
NIFTY24JUNFUT,2024-06-21 14:16:32
NIFTY24JUNFUT,2024-06-21 14:16:37
NIFTY24JUNFUT,2024-06-21 14:16:42
NIFTY24JUNFUT,2024-06-21 14:17:22
NIFTY24JUNFUT,2024-06-21 14:17:29
NIFTY24JUNFUT,2024-06-21 14:17:52
NIFTY24JUNFUT,2024-06-21 14:18:00
NIFTY24JUNFUT,2024-06-21 14:18:02
NIFTY24JUNFUT,2024-06-21 14:18:18
NIFTY24JUNFUT,2024-06-21 14:18:20
NIFTY24JUNFUT,2024-06-21 14:18:49
NIFTY24JUNFUT,2024-06-21 14:19:02
NIFTY24JUNFUT,2024-06-21 14:19:25
NIFTY24JUNFUT,2024-06-21 14:20:04
NIFTY24JUNFUT,2024-06-21 14:20:12
NIFTY24JUNFUT,2024-06-21 14:20:17
NIFTY24JUNFUT,2024-06-21 14:20:25
NIFTY24JUNFUT,2024-06-21 14:20:30
NIFTY24JUNFUT,2024-06-21 14:20:38
NIFTY24JUNFUT,2024-06-21 14:20:40
NIFTY24JUNFUT,2024-06-21 14:20:45
NIFTY24JUNFUT,2024-06-21 14:20:48
NIFTY24JUNFUT,2024-06-21 14:20:53
NIFTY24JUNFUT,2024-06-21 14:21:09
NIFTY24JUNFUT,2024-06-21 14:21:14
NIFTY24JUNFUT,2024-06-21 14:22:18
NIFTY24JUNFUT,2024-06-21 14:22:21
NIFTY24JUNFUT,2024-06-21 14:22:31
NIFTY24JUNFUT,2024-06-21 14:22:34
NIFTY24JUNFUT,2024-06-21 14:22:42
NIFTY24JUNFUT,2024-06-21 14:22:55
NIFTY24JUNFUT,2024-06-21 14:23:11
NIFTY24JUNFUT,2024-06-21 14:23:13
NIFTY24JUNFUT,2024-06-21 14:23:47
NIFTY24JUNFUT,2024-06-21 14:23:52
NIFTY24JUNFUT,2024-06-21 14:24:02
NIFTY24JUNFUT,2024-06-21 14:24:07
NIFTY24JUNFUT,2024-06-21 14:24:33
NIFTY24JUNFUT,2024-06-21 14:24:43
NIFTY24JUNFUT,2024-06-21 14:25:23
NIFTY24JUNFUT,2024-06-21 14:25:33
NIFTY24JUNFUT,2024-06-21 14:25:35
NIFTY24JUNFUT,2024-06-21 14:25:43
NIFTY24JUNFUT,2024-06-21 14:26:05
NIFTY24JUNFUT,2024-06-21 14:26:53
NIFTY24JUNFUT,2024-06-21 14:27:13
NIFTY24JUNFUT,2024-06-21 14:27:23
NIFTY24JUNFUT,2024-06-21 14:27:30
NIFTY24JUNFUT,2024-06-21 14:27:56
NIFTY24JUNFUT,2024-06-21 14:28:06
NIFTY24JUNFUT,2024-06-21 14:28:09
NIFTY24JUNFUT,2024-06-21 14:28:14
NIFTY24JUNFUT,2024-06-21 14:28:16
NIFTY24JUNFUT,2024-06-21 14:28:19
NIFTY24JUNFUT,2024-06-21 14:28:46
NIFTY24JUNFUT,2024-06-21 14:28:51
NIFTY24JUNFUT,2024-06-21 14:28:59
NIFTY24JUNFUT,2024-06-21 14:29:04
NIFTY24JUNFUT,2024-06-21 14:29:14
NIFTY24JUNFUT,2024-06-21 14:29:19
NIFTY24JUNFUT,2024-06-21 14:29:24
NIFTY24JUNFUT,2024-06-21 14:29:34
NIFTY24JUNFUT,2024-06-21 14:29:39
NIFTY24JUNFUT,2024-06-21 14:29:44
NIFTY24JUNFUT,2024-06-21 14:29:49
NIFTY24JUNFUT,2024-06-21 14:30:04
NIFTY24JUNFUT,2024-06-21 14:30:31
NIFTY24JUNFUT,2024-06-21 14:30:46
NIFTY24JUNFUT,2024-06-21 14:30:49
NIFTY24JUNFUT,2024-06-21 14:31:37
NIFTY24JUNFUT,2024-06-21 14:31:47
NIFTY24JUNFUT,2024-06-21 14:32:02
NIFTY24JUNFUT,2024-06-21 14:32:13
NIFTY24JUNFUT,2024-06-21 14:32:49
NIFTY24JUNFUT,2024-06-21 14:33:17
NIFTY24JUNFUT,2024-06-21 14:33:25
NIFTY24JUNFUT,2024-06-21 14:33:30
NIFTY24JUNFUT,2024-06-21 14:33:32
NIFTY24JUNFUT,2024-06-21 14:33:45
NIFTY24JUNFUT,2024-06-21 14:33:50
NIFTY24JUNFUT,2024-06-21 14:33:52
NIFTY24JUNFUT,2024-06-21 14:33:55
NIFTY24JUNFUT,2024-06-21 14:34:00
NIFTY24JUNFUT,2024-06-21 14:34:07
NIFTY24JUNFUT,2024-06-21 14:34:43
NIFTY24JUNFUT,2024-06-21 14:34:46
NIFTY24JUNFUT,2024-06-21 14:34:48
NIFTY24JUNFUT,2024-06-21 14:35:46
NIFTY24JUNFUT,2024-06-21 14:36:49
NIFTY24JUNFUT,2024-06-21 14:37:19
NIFTY24JUNFUT,2024-06-21 14:38:06
NIFTY24JUNFUT,2024-06-21 14:38:19
NIFTY24JUNFUT,2024-06-21 14:38:22
NIFTY24JUNFUT,2024-06-21 14:38:50
NIFTY24JUNFUT,2024-06-21 14:40:50
NIFTY24JUNFUT,2024-06-21 14:41:13
NIFTY24JUNFUT,2024-06-21 14:41:23
NIFTY24JUNFUT,2024-06-21 14:41:25
NIFTY24JUNFUT,2024-06-21 14:41:33
NIFTY24JUNFUT,2024-06-21 14:41:56
NIFTY24JUNFUT,2024-06-21 14:42:06
NIFTY24JUNFUT,2024-06-21 14:43:27
NIFTY24JUNFUT,2024-06-21 14:45:58
NIFTY24JUNFUT,2024-06-21 14:46:28
NIFTY24JUNFUT,2024-06-21 14:46:45
NIFTY24JUNFUT,2024-06-21 14:47:46
NIFTY24JUNFUT,2024-06-21 14:48:06
NIFTY24JUNFUT,2024-06-21 14:48:19
NIFTY24JUNFUT,2024-06-21 14:49:27
NIFTY24JUNFUT,2024-06-21 14:49:28
NIFTY24JUNFUT,2024-06-21 14:49:58
NIFTY24JUNFUT,2024-06-21 14:50:05
NIFTY24JUNFUT,2024-06-21 14:50:10
NIFTY24JUNFUT,2024-06-21 14:50:13
NIFTY24JUNFUT,2024-06-21 14:50:38
NIFTY24JUNFUT,2024-06-21 14:50:58
NIFTY24JUNFUT,2024-06-21 14:51:00
NIFTY24JUNFUT,2024-06-21 14:51:10
NIFTY24JUNFUT,2024-06-21 14:51:48
NIFTY24JUNFUT,2024-06-21 14:52:01
NIFTY24JUNFUT,2024-06-21 14:52:59
NIFTY24JUNFUT,2024-06-21 14:54:20
NIFTY24JUNFUT,2024-06-21 14:54:22
NIFTY24JUNFUT,2024-06-21 14:54:55
NIFTY24JUNFUT,2024-06-21 14:55:00
NIFTY24JUNFUT,2024-06-21 14:55:03
NIFTY24JUNFUT,2024-06-21 14:55:08
NIFTY24JUNFUT,2024-06-21 14:55:31
NIFTY24JUNFUT,2024-06-21 14:56:12
NIFTY24JUNFUT,2024-06-21 14:56:30
NIFTY24JUNFUT,2024-06-21 14:57:08
NIFTY24JUNFUT,2024-06-21 14:57:17
NIFTY24JUNFUT,2024-06-21 14:57:21
NIFTY24JUNFUT,2024-06-21 14:57:31
NIFTY24JUNFUT,2024-06-21 14:57:33
NIFTY24JUNFUT,2024-06-21 14:57:42
NIFTY24JUNFUT,2024-06-21 14:57:58
NIFTY24JUNFUT,2024-06-21 14:58:31
NIFTY24JUNFUT,2024-06-21 14:58:33
NIFTY24JUNFUT,2024-06-21 14:58:38
NIFTY24JUNFUT,2024-06-21 14:58:43
NIFTY24JUNFUT,2024-06-21 14:59:01
NIFTY24JUNFUT,2024-06-21 14:59:11
NIFTY24JUNFUT,2024-06-21 14:59:37
NIFTY24JUNFUT,2024-06-21 14:59:50
NIFTY24JUNFUT,2024-06-21 15:00:40
NIFTY24JUNFUT,2024-06-21 15:01:26
NIFTY24JUNFUT,2024-06-21 15:03:42
NIFTY24JUNFUT,2024-06-21 15:03:57
NIFTY24JUNFUT,2024-06-21 15:04:04
NIFTY24JUNFUT,2024-06-21 15:04:50
NIFTY24JUNFUT,2024-06-21 15:04:55
NIFTY24JUNFUT,2024-06-21 15:05:00
NIFTY24JUNFUT,2024-06-21 15:05:15
NIFTY24JUNFUT,2024-06-21 15:06:16
NIFTY24JUNFUT,2024-06-21 15:06:32
NIFTY24JUNFUT,2024-06-21 15:06:33
NIFTY24JUNFUT,2024-06-21 15:07:37
NIFTY24JUNFUT,2024-06-21 15:08:36
NIFTY24JUNFUT,2024-06-21 15:09:00
NIFTY24JUNFUT,2024-06-21 15:09:09
NIFTY24JUNFUT,2024-06-21 15:10:33
NIFTY24JUNFUT,2024-06-21 15:10:51
NIFTY24JUNFUT,2024-06-21 15:10:56
NIFTY24JUNFUT,2024-06-21 15:11:21
NIFTY24JUNFUT,2024-06-21 15:13:08
NIFTY24JUNFUT,2024-06-21 15:13:17
NIFTY24JUNFUT,2024-06-21 15:13:24
NIFTY24JUNFUT,2024-06-21 15:13:46
NIFTY24JUNFUT,2024-06-21 15:13:49
NIFTY24JUNFUT,2024-06-21 15:14:10
NIFTY24JUNFUT,2024-06-21 15:14:20
NIFTY24JUNFUT,2024-06-21 15:14:23
NIFTY24JUNFUT,2024-06-21 15:14:25
NIFTY24JUNFUT,2024-06-21 15:14:33
NIFTY24JUNFUT,2024-06-21 15:16:28
NIFTY24JUNFUT,2024-06-21 15:17:23
NIFTY24JUNFUT,2024-06-21 15:17:31
NIFTY24JUNFUT,2024-06-21 15:18:31
NIFTY24JUNFUT,2024-06-21 15:19:04
NIFTY24JUNFUT,2024-06-21 15:20:26
NIFTY24JUNFUT,2024-06-21 15:20:27
NIFTY24JUNFUT,2024-06-21 15:22:20
NIFTY24JUNFUT,2024-06-21 15:23:17
NIFTY24JUNFUT,2024-06-21 15:23:20
NIFTY24JUNFUT,2024-06-21 15:23:32
NIFTY24JUNFUT,2024-06-21 15:23:43
NIFTY24JUNFUT,2024-06-21 15:23:53
NIFTY24JUNFUT,2024-06-21 15:23:56
NIFTY24JUNFUT,2024-06-21 15:24:24
NIFTY24JUNFUT,2024-06-21 15:24:29
NIFTY24JUNFUT,2024-06-21 15:24:57
NIFTY24JUNFUT,2024-06-21 15:25:02
NIFTY24JUNFUT,2024-06-21 15:25:07
NIFTY24JUNFUT,2024-06-21 15:25:59
NIFTY24JUNFUT,2024-06-21 15:26:17
NIFTY24JUNFUT,2024-06-21 15:26:20
NIFTY24JUNFUT,2024-06-21 15:26:35
NIFTY24JUNFUT,2024-06-21 15:26:42
NIFTY24JUNFUT,2024-06-21 15:26:47
NIFTY24JUNFUT,2024-06-21 15:26:50
NIFTY24JUNFUT,2024-06-21 15:27:00
NIFTY24JUNFUT,2024-06-21 15:27:05
NIFTY24JUNFUT,2024-06-21 15:27:25
NIFTY24JUNFUT,2024-06-21 15:27:31
NIFTY24JUNFUT,2024-06-21 15:27:43
NIFTY24JUNFUT,2024-06-21 15:28:03
NIFTY24JUNFUT,2024-06-21 15:28:11
NIFTY24JUNFUT,2024-06-21 15:28:26
NIFTY24JUNFUT,2024-06-21 15:28:31
NIFTY24JUNFUT,2024-06-21 15:28:48
NIFTY24JUNFUT,2024-06-21 15:28:53
NIFTY24JUNFUT,2024-06-21 15:29:04
NIFTY24JUNFUT,2024-06-21 15:29:25
NIFTY24JUNFUT,2024-06-21 15:29:38
NIFTY24JUNFUT,2024-06-21 15:29:46
NIFTY24JUNFUT,2024-06-21 15:29:54
