Ticker,Date,Time,open,high,low,close,Volume
BANKNIFTY24JULFUT,2024-07-04,10:16:00,53219.0,53234.6,53219.0,53230.3,690
BANKNIFTY24JULFUT,2024-07-04,10:17:00,53234.4,53239.9,53180.9,53205.8,2700
BANKNIFTY24JULFUT,2024-07-04,10:18:00,53205.8,53220.0,53155.0,53167.1,2250
BANKNIFTY24JULFUT,2024-07-04,10:19:00,53170.0,53199.0,53168.6,53183.9,4395
BANKNIFTY24JULFUT,2024-07-04,10:20:00,53183.9,53200.0,53178.3,53191.9,3975
BANKNIFTY24JULFUT,2024-07-04,10:21:00,53200.0,53212.6,53170.0,53174.0,3330
BANKNIFTY24JULFUT,2024-07-04,10:22:00,53180.0,53189.2,53165.0,53175.0,2175
BANKNIFTY24JULFUT,2024-07-04,10:23:00,53175.2,53180.0,53141.6,53159.5,3210
BANKNIFTY24JULFUT,2024-07-04,10:24:00,53154.6,53154.6,53075.2,53106.7,2895
BANKNIFTY24JULFUT,2024-07-04,10:25:00,53100.6,53130.0,53100.6,53110.8,2460
BANKNIFTY24JULFUT,2024-07-04,10:26:00,53120.3,53120.3,53075.2,53083.6,2925
BANKNIFTY24JULFUT,2024-07-04,10:27:00,53082.4,53084.9,53040.0,53068.0,2910
BANKNIFTY24JULFUT,2024-07-04,10:28:00,53060.2,53091.9,53058.4,53086.7,3180
BANKNIFTY24JULFUT,2024-07-04,10:29:00,53090.8,53099.9,53080.0,53084.1,3240
BANKNIFTY24JULFUT,2024-07-04,10:30:00,53090.0,53100.0,53083.4,53086.5,2955
BANKNIFTY24JULFUT,2024-07-04,10:31:00,53098.5,53098.5,53060.0,53073.6,2205
BANKNIFTY24JULFUT,2024-07-04,10:32:00,53076.4,53084.4,53050.1,53060.8,3240
BANKNIFTY24JULFUT,2024-07-04,10:33:00,53050.2,53057.0,52989.2,53008.6,3180
BANKNIFTY24JULFUT,2024-07-04,10:34:00,53002.4,53004.4,52963.9,52965.0,2670
BANKNIFTY24JULFUT,2024-07-04,10:35:00,52985.0,52985.0,52926.1,52936.3,2895
BANKNIFTY24JULFUT,2024-07-04,10:36:00,52930.0,52969.5,52930.0,52950.1,3615
BANKNIFTY24JULFUT,2024-07-04,10:37:00,52945.1,52960.8,52911.1,52918.7,2790
BANKNIFTY24JULFUT,2024-07-04,10:38:00,52913.1,52951.0,52910.4,52926.6,4740
BANKNIFTY24JULFUT,2024-07-04,10:39:00,52921.1,52936.8,52902.3,52908.7,2850
BANKNIFTY24JULFUT,2024-07-04,10:40:00,52902.3,52938.6,52902.3,52930.0,3135
BANKNIFTY24JULFUT,2024-07-04,10:41:00,52937.0,52938.9,52880.4,52935.0,3855
BANKNIFTY24JULFUT,2024-07-04,10:42:00,52935.3,52949.4,52920.0,52922.0,2325
BANKNIFTY24JULFUT,2024-07-04,10:43:00,52921.4,52940.0,52919.9,52926.5,3255
BANKNIFTY24JULFUT,2024-07-04,10:44:00,52927.4,52950.0,52901.6,52911.2,3015
BANKNIFTY24JULFUT,2024-07-04,10:45:00,52916.6,52933.6,52891.1,52919.9,4590
BANKNIFTY24JULFUT,2024-07-04,10:46:00,52920.4,52920.4,52831.1,52837.6,3480
BANKNIFTY24JULFUT,2024-07-04,10:47:00,52831.8,52875.0,52831.8,52860.0,3030
BANKNIFTY24JULFUT,2024-07-04,10:48:00,52868.5,52896.6,52865.4,52890.6,3885
BANKNIFTY24JULFUT,2024-07-04,10:49:00,52885.2,52900.0,52873.9,52889.0,2535
BANKNIFTY24JULFUT,2024-07-04,10:50:00,52886.0,52904.5,52865.8,52900.0,2430
BANKNIFTY24JULFUT,2024-07-04,10:51:00,52899.8,52911.4,52890.0,52899.9,2925
BANKNIFTY24JULFUT,2024-07-04,10:52:00,52897.5,52903.6,52880.0,52886.1,2565
BANKNIFTY24JULFUT,2024-07-04,10:53:00,52890.0,52910.0,52889.2,52906.6,2565
BANKNIFTY24JULFUT,2024-07-04,10:54:00,52907.2,52909.2,52885.0,52889.0,3495
BANKNIFTY24JULFUT,2024-07-04,10:55:00,52885.0,52899.4,52884.0,52886.9,2745
BANKNIFTY24JULFUT,2024-07-04,10:56:00,52890.0,52907.4,52889.4,52907.4,3360
BANKNIFTY24JULFUT,2024-07-04,10:57:00,52907.4,52925.0,52900.0,52919.8,3180
BANKNIFTY24JULFUT,2024-07-04,10:58:00,52919.8,52925.0,52874.5,52875.0,4755
BANKNIFTY24JULFUT,2024-07-04,10:59:00,52875.2,52900.0,52875.0,52900.0,2595
BANKNIFTY24JULFUT,2024-07-04,11:00:00,52904.5,52905.1,52880.0,52890.0,3435
BANKNIFTY24JULFUT,2024-07-04,11:01:00,52889.1,52891.9,52870.0,52870.1,3555
BANKNIFTY24JULFUT,2024-07-04,11:02:00,52875.9,52883.1,52863.0,52883.1,3090
BANKNIFTY24JULFUT,2024-07-04,11:03:00,52876.1,52919.8,52876.0,52916.9,3450
BANKNIFTY24JULFUT,2024-07-04,11:04:00,52919.2,52923.9,52909.2,52920.1,2415
BANKNIFTY24JULFUT,2024-07-04,11:05:00,52920.0,52923.8,52908.2,52908.2,2580
BANKNIFTY24JULFUT,2024-07-04,11:06:00,52909.0,52914.8,52900.0,52908.1,3420
BANKNIFTY24JULFUT,2024-07-04,11:07:00,52907.8,52907.8,52880.0,52884.8,2220
BANKNIFTY24JULFUT,2024-07-04,11:08:00,52884.8,52897.6,52870.0,52897.6,4500
BANKNIFTY24JULFUT,2024-07-04,11:09:00,52897.6,52949.1,52896.2,52909.8,3495
BANKNIFTY24JULFUT,2024-07-04,11:10:00,52904.1,52920.1,52904.1,52904.8,2925
BANKNIFTY24JULFUT,2024-07-04,11:11:00,52904.8,52933.0,52904.8,52932.9,2730
BANKNIFTY24JULFUT,2024-07-04,11:12:00,52931.9,52948.6,52925.0,52936.6,2265
BANKNIFTY24JULFUT,2024-07-04,11:13:00,52932.8,52932.8,52908.4,52908.4,2925
BANKNIFTY24JULFUT,2024-07-04,11:14:00,52908.4,52919.9,52908.0,52908.0,3150
BANKNIFTY24JULFUT,2024-07-04,11:15:00,52917.6,52920.9,52902.1,52919.7,2460
BANKNIFTY24JULFUT,2024-07-04,11:16:00,52919.7,52926.8,52891.8,52899.4,1905
BANKNIFTY24JULFUT,2024-07-04,11:17:00,52904.8,52920.1,52898.4,52912.7,2415
BANKNIFTY24JULFUT,2024-07-04,11:18:00,52912.7,52930.0,52909.9,52930.0,3450
BANKNIFTY24JULFUT,2024-07-04,11:19:00,52930.0,52935.0,52925.0,52925.7,1830
BANKNIFTY24JULFUT,2024-07-04,11:20:00,52925.7,52940.5,52925.0,52925.6,1800
BANKNIFTY24JULFUT,2024-07-04,11:21:00,52925.6,52928.9,52917.0,52924.2,2040
BANKNIFTY24JULFUT,2024-07-04,11:22:00,52924.2,52940.5,52923.0,52933.1,1905
BANKNIFTY24JULFUT,2024-07-04,11:23:00,52933.1,52957.2,52933.1,52954.0,1665
BANKNIFTY24JULFUT,2024-07-04,11:24:00,52954.1,52956.8,52945.0,52946.0,2520
BANKNIFTY24JULFUT,2024-07-04,11:25:00,52942.0,52946.3,52935.2,52945.0,3945
BANKNIFTY24JULFUT,2024-07-04,11:26:00,52945.0,52945.0,52915.3,52927.1,2160
BANKNIFTY24JULFUT,2024-07-04,11:27:00,52927.1,52952.0,52925.0,52950.4,1800
BANKNIFTY24JULFUT,2024-07-04,11:28:00,52950.4,52968.0,52950.0,52963.8,3660
BANKNIFTY24JULFUT,2024-07-04,11:29:00,52963.8,52974.9,52955.6,52972.0,2430
BANKNIFTY24JULFUT,2024-07-04,11:30:00,52974.9,52990.0,52974.0,52977.0,2340
BANKNIFTY24JULFUT,2024-07-04,11:31:00,52977.0,52980.5,52955.6,52963.9,2235
BANKNIFTY24JULFUT,2024-07-04,11:32:00,52965.4,52968.3,52954.0,52960.9,2865
BANKNIFTY24JULFUT,2024-07-04,11:33:00,52960.9,52964.2,52955.0,52961.6,2550
BANKNIFTY24JULFUT,2024-07-04,11:34:00,52961.6,52962.2,52940.0,52942.1,2895
BANKNIFTY24JULFUT,2024-07-04,11:35:00,52946.0,52956.0,52946.0,52946.0,3030
BANKNIFTY24JULFUT,2024-07-04,11:36:00,52946.0,52948.1,52930.0,52945.4,2700
BANKNIFTY24JULFUT,2024-07-04,11:37:00,52945.4,52968.3,52941.6,52968.0,1695
BANKNIFTY24JULFUT,2024-07-04,11:38:00,52968.1,52985.0,52968.0,52985.0,3990
BANKNIFTY24JULFUT,2024-07-04,11:39:00,52997.0,52999.0,52975.0,52975.0,2820
BANKNIFTY24JULFUT,2024-07-04,11:40:00,52975.0,52986.8,52965.9,52983.9,1305
BANKNIFTY24JULFUT,2024-07-04,11:41:00,52983.9,52983.9,52966.8,52975.2,1575
BANKNIFTY24JULFUT,2024-07-04,11:42:00,52975.2,52975.2,52960.0,52962.4,1995
BANKNIFTY24JULFUT,2024-07-04,11:43:00,52964.2,52969.6,52951.7,52965.6,1515
BANKNIFTY24JULFUT,2024-07-04,11:44:00,52965.6,52965.6,52952.6,52955.0,2370
BANKNIFTY24JULFUT,2024-07-04,11:45:00,52959.7,52959.9,52921.2,52925.6,4260
BANKNIFTY24JULFUT,2024-07-04,11:46:00,52925.6,52960.0,52925.6,52958.0,2190
BANKNIFTY24JULFUT,2024-07-04,11:47:00,52955.9,52965.0,52950.0,52950.4,2505
BANKNIFTY24JULFUT,2024-07-04,11:48:00,52950.4,52959.2,52948.2,52950.4,1770
BANKNIFTY24JULFUT,2024-07-04,11:49:00,52950.4,52967.9,52950.4,52964.3,1695
BANKNIFTY24JULFUT,2024-07-04,11:50:00,52965.0,52965.0,52945.0,52954.6,2505
BANKNIFTY24JULFUT,2024-07-04,11:51:00,52941.4,52954.0,52935.4,52947.1,1755
BANKNIFTY24JULFUT,2024-07-04,11:52:00,52947.1,52950.0,52930.0,52931.6,2040
BANKNIFTY24JULFUT,2024-07-04,11:53:00,52931.6,52945.0,52930.1,52940.0,1635
BANKNIFTY24JULFUT,2024-07-04,11:54:00,52940.0,52949.6,52935.0,52947.9,1500
BANKNIFTY24JULFUT,2024-07-04,11:55:00,52947.9,52955.0,52940.9,52953.2,1920
BANKNIFTY24JULFUT,2024-07-04,11:56:00,52953.2,52953.2,52936.6,52936.6,1365
BANKNIFTY24JULFUT,2024-07-04,11:57:00,52936.6,52946.3,52936.0,52938.1,1455
BANKNIFTY24JULFUT,2024-07-04,11:58:00,52938.6,52939.2,52930.1,52934.4,2160
BANKNIFTY24JULFUT,2024-07-04,11:59:00,52938.4,52955.0,52921.9,52953.9,2835
BANKNIFTY24JULFUT,2024-07-04,12:00:00,52953.9,52957.4,52945.0,52952.1,2835
BANKNIFTY24JULFUT,2024-07-04,12:01:00,52952.1,52956.4,52945.0,52956.4,3240
BANKNIFTY24JULFUT,2024-07-04,12:02:00,52956.4,52968.0,52956.4,52966.2,1935
BANKNIFTY24JULFUT,2024-07-04,12:03:00,52966.2,52967.5,52945.0,52945.9,2085
BANKNIFTY24JULFUT,2024-07-04,12:04:00,52946.6,52954.1,52945.0,52952.1,3570
BANKNIFTY24JULFUT,2024-07-04,12:05:00,52952.1,52960.2,52952.1,52960.2,4755
BANKNIFTY24JULFUT,2024-07-04,12:06:00,52960.2,52967.7,52959.9,52962.1,1680
BANKNIFTY24JULFUT,2024-07-04,12:07:00,52962.1,52969.9,52954.0,52969.9,1590
BANKNIFTY24JULFUT,2024-07-04,12:08:00,52969.6,52975.9,52965.0,52975.9,2085
BANKNIFTY24JULFUT,2024-07-04,12:09:00,52975.9,52994.6,52970.1,52994.6,2235
BANKNIFTY24JULFUT,2024-07-04,12:10:00,52989.8,52999.0,52983.5,52992.6,2565
BANKNIFTY24JULFUT,2024-07-04,12:11:00,52992.6,52992.6,52968.6,52985.8,1620
BANKNIFTY24JULFUT,2024-07-04,12:12:00,52985.8,53017.1,52979.9,53005.8,2040
BANKNIFTY24JULFUT,2024-07-04,12:13:00,53005.8,53009.9,52990.1,52996.8,2070
BANKNIFTY24JULFUT,2024-07-04,12:14:00,52996.8,53001.6,52975.0,52986.6,1545
BANKNIFTY24JULFUT,2024-07-04,12:15:00,52986.6,53010.0,52986.6,53007.4,1710
BANKNIFTY24JULFUT,2024-07-04,12:16:00,53007.6,53010.0,53000.0,53005.0,1680
BANKNIFTY24JULFUT,2024-07-04,12:17:00,53005.0,53010.0,53000.0,53005.0,1785
BANKNIFTY24JULFUT,2024-07-04,12:18:00,53005.0,53013.7,53001.0,53004.1,2295
BANKNIFTY24JULFUT,2024-07-04,12:19:00,53004.1,53008.0,53002.0,53002.1,1980
BANKNIFTY24JULFUT,2024-07-04,12:20:00,53003.0,53004.2,52981.4,52984.4,2355
BANKNIFTY24JULFUT,2024-07-04,12:21:00,52984.4,53002.1,52983.9,53000.8,1620
BANKNIFTY24JULFUT,2024-07-04,12:22:00,53000.8,53020.0,52988.4,52995.0,1815
BANKNIFTY24JULFUT,2024-07-04,12:23:00,52995.0,53025.0,52988.6,53017.2,1680
BANKNIFTY24JULFUT,2024-07-04,12:24:00,53016.8,53018.6,52998.6,53013.0,2505
BANKNIFTY24JULFUT,2024-07-04,12:25:00,53013.6,53025.0,53009.3,53016.2,2100
BANKNIFTY24JULFUT,2024-07-04,12:26:00,53016.2,53030.0,53016.2,53030.0,2190
BANKNIFTY24JULFUT,2024-07-04,12:27:00,53023.9,53044.8,53023.9,53030.0,1995
BANKNIFTY24JULFUT,2024-07-04,12:28:00,53038.3,53039.0,53025.0,53030.0,3000
BANKNIFTY24JULFUT,2024-07-04,12:29:00,53030.0,53030.0,53020.0,53024.6,1830
BANKNIFTY24JULFUT,2024-07-04,12:30:00,53024.6,53027.2,53012.0,53012.4,1830
BANKNIFTY24JULFUT,2024-07-04,12:31:00,53018.8,53019.7,53012.4,53013.2,1365
BANKNIFTY24JULFUT,2024-07-04,12:32:00,53013.2,53013.2,52992.9,53000.0,1470
BANKNIFTY24JULFUT,2024-07-04,12:33:00,53000.0,53010.0,52993.7,53010.0,3705
BANKNIFTY24JULFUT,2024-07-04,12:34:00,53010.0,53018.0,53010.0,53011.0,1170
BANKNIFTY24JULFUT,2024-07-04,12:35:00,53011.0,53015.0,53001.2,53001.2,1995
BANKNIFTY24JULFUT,2024-07-04,12:36:00,53001.2,53005.0,52992.2,52999.7,1980
BANKNIFTY24JULFUT,2024-07-04,12:37:00,53001.9,53003.9,52994.5,53000.6,1710
BANKNIFTY24JULFUT,2024-07-04,12:38:00,53000.6,53000.6,52992.5,52999.9,3060
BANKNIFTY24JULFUT,2024-07-04,12:39:00,52999.9,53004.0,52997.8,53003.9,1815
BANKNIFTY24JULFUT,2024-07-04,12:40:00,53004.0,53004.0,52992.2,52992.2,1815
BANKNIFTY24JULFUT,2024-07-04,12:41:00,52992.2,52997.1,52988.4,52989.9,1755
BANKNIFTY24JULFUT,2024-07-04,12:42:00,52990.0,53000.0,52990.0,53000.0,2010
BANKNIFTY24JULFUT,2024-07-04,12:43:00,53000.0,53010.9,52994.6,52998.1,2505
BANKNIFTY24JULFUT,2024-07-04,12:44:00,52998.1,52998.2,52990.0,52992.8,1545
BANKNIFTY24JULFUT,2024-07-04,12:45:00,52992.8,53004.6,52988.4,52993.9,1680
BANKNIFTY24JULFUT,2024-07-04,12:46:00,53002.4,53015.0,53001.8,53008.4,2220
BANKNIFTY24JULFUT,2024-07-04,12:47:00,53008.4,53020.0,53006.0,53019.8,1845
BANKNIFTY24JULFUT,2024-07-04,12:48:00,53019.9,53035.1,53019.8,53035.1,3060
BANKNIFTY24JULFUT,2024-07-04,12:49:00,53033.6,53044.4,53030.0,53030.0,2820
BANKNIFTY24JULFUT,2024-07-04,12:50:00,53030.0,53035.6,53030.0,53032.5,1995
BANKNIFTY24JULFUT,2024-07-04,12:51:00,53034.4,53039.0,53027.1,53032.4,1755
BANKNIFTY24JULFUT,2024-07-04,12:52:00,53032.4,53038.9,53025.0,53029.2,1650
BANKNIFTY24JULFUT,2024-07-04,12:53:00,53034.4,53045.6,53031.3,53045.3,1785
BANKNIFTY24JULFUT,2024-07-04,12:54:00,53045.3,53070.0,53042.0,53060.6,2595
BANKNIFTY24JULFUT,2024-07-04,12:55:00,53055.0,53065.2,53055.0,53060.9,2115
BANKNIFTY24JULFUT,2024-07-04,12:56:00,53060.0,53061.1,53039.4,53045.0,1710
BANKNIFTY24JULFUT,2024-07-04,12:57:00,53045.0,53050.0,53039.0,53045.0,2580
BANKNIFTY24JULFUT,2024-07-04,12:58:00,53045.0,53052.0,53031.0,53031.1,2025
BANKNIFTY24JULFUT,2024-07-04,12:59:00,53031.1,53036.0,53030.0,53030.0,1650
BANKNIFTY24JULFUT,2024-07-04,13:00:00,53039.0,53039.4,53024.1,53024.1,1725
BANKNIFTY24JULFUT,2024-07-04,13:01:00,53024.1,53039.9,53024.1,53026.0,1530
BANKNIFTY24JULFUT,2024-07-04,13:02:00,53030.0,53049.9,53030.0,53049.4,2100
BANKNIFTY24JULFUT,2024-07-04,13:03:00,53049.4,53049.7,53025.0,53025.0,2100
BANKNIFTY24JULFUT,2024-07-04,13:04:00,53025.0,53037.6,53016.4,53035.9,1515
BANKNIFTY24JULFUT,2024-07-04,13:05:00,53035.9,53036.1,53028.0,53035.0,3975
BANKNIFTY24JULFUT,2024-07-04,13:06:00,53035.0,53047.4,53033.1,53039.0,1845
BANKNIFTY24JULFUT,2024-07-04,13:07:00,53039.0,53043.6,53027.9,53033.3,2835
BANKNIFTY24JULFUT,2024-07-04,13:08:00,53033.3,53059.2,53033.3,53056.9,2430
BANKNIFTY24JULFUT,2024-07-04,13:09:00,53058.9,53065.2,53050.1,53059.8,2280
BANKNIFTY24JULFUT,2024-07-04,13:10:00,53059.2,53065.2,53050.0,53052.9,1875
BANKNIFTY24JULFUT,2024-07-04,13:11:00,53052.9,53052.9,53037.1,53039.9,2175
BANKNIFTY24JULFUT,2024-07-04,13:12:00,53039.9,53049.1,53023.6,53023.6,2370
BANKNIFTY24JULFUT,2024-07-04,13:13:00,53028.6,53038.0,53015.8,53033.1,2475
BANKNIFTY24JULFUT,2024-07-04,13:14:00,53033.1,53043.3,53032.8,53035.8,1710
BANKNIFTY24JULFUT,2024-07-04,13:15:00,53034.2,53038.4,53025.0,53025.0,1440
BANKNIFTY24JULFUT,2024-07-04,13:16:00,53025.0,53038.4,53025.0,53032.0,1815
BANKNIFTY24JULFUT,2024-07-04,13:17:00,53032.0,53042.0,53030.1,53040.2,2295
BANKNIFTY24JULFUT,2024-07-04,13:18:00,53040.2,53049.8,53035.2,53049.8,1530
BANKNIFTY24JULFUT,2024-07-04,13:19:00,53042.0,53054.4,53040.4,53054.4,3345
BANKNIFTY24JULFUT,2024-07-04,13:20:00,53052.7,53055.4,53042.4,53050.0,2040
BANKNIFTY24JULFUT,2024-07-04,13:21:00,53042.1,53054.1,53042.1,53050.7,2385
BANKNIFTY24JULFUT,2024-07-04,13:22:00,53050.7,53051.2,53040.0,53040.0,1890
BANKNIFTY24JULFUT,2024-07-04,13:23:00,53040.0,53043.6,53030.0,53037.9,3675
BANKNIFTY24JULFUT,2024-07-04,13:24:00,53037.9,53038.1,53016.0,53016.0,1650
BANKNIFTY24JULFUT,2024-07-04,13:25:00,53014.1,53020.2,53001.3,53010.2,2130
BANKNIFTY24JULFUT,2024-07-04,13:26:00,53003.7,53015.6,53003.7,53013.1,2535
BANKNIFTY24JULFUT,2024-07-04,13:27:00,53005.0,53010.6,52990.0,53010.5,2730
BANKNIFTY24JULFUT,2024-07-04,13:28:00,53012.6,53019.9,53010.2,53017.8,3675
BANKNIFTY24JULFUT,2024-07-04,13:29:00,53017.8,53020.0,53006.2,53006.2,1665
BANKNIFTY24JULFUT,2024-07-04,13:30:00,53010.7,53013.8,53000.0,53000.0,2085
BANKNIFTY24JULFUT,2024-07-04,13:31:00,53000.0,53000.8,52967.4,52979.2,2445
BANKNIFTY24JULFUT,2024-07-04,13:32:00,52983.6,52987.6,52971.6,52985.2,1830
BANKNIFTY24JULFUT,2024-07-04,13:33:00,52985.2,52985.9,52960.2,52973.2,2775
BANKNIFTY24JULFUT,2024-07-04,13:34:00,52975.6,52984.6,52955.0,52978.0,2955
BANKNIFTY24JULFUT,2024-07-04,13:35:00,52978.0,52987.4,52971.8,52980.6,3090
BANKNIFTY24JULFUT,2024-07-04,13:36:00,52980.6,52986.0,52980.6,52980.9,2190
BANKNIFTY24JULFUT,2024-07-04,13:37:00,52980.9,53008.6,52980.6,53003.3,2115
BANKNIFTY24JULFUT,2024-07-04,13:38:00,53003.3,53005.9,52997.3,53005.0,1695
BANKNIFTY24JULFUT,2024-07-04,13:39:00,53005.0,53008.8,52999.9,53006.8,1755
BANKNIFTY24JULFUT,2024-07-04,13:40:00,53006.8,53007.1,52995.1,52995.1,2220
BANKNIFTY24JULFUT,2024-07-04,13:41:00,52995.1,52999.8,52991.4,52996.0,1320
BANKNIFTY24JULFUT,2024-07-04,13:42:00,52996.0,53001.9,52990.0,52999.0,1755
BANKNIFTY24JULFUT,2024-07-04,13:43:00,52999.0,52999.0,52985.0,52986.2,1710
BANKNIFTY24JULFUT,2024-07-04,13:44:00,52986.2,52991.0,52985.0,52985.0,1695
BANKNIFTY24JULFUT,2024-07-04,13:45:00,52985.0,52995.0,52983.1,52993.0,2640
BANKNIFTY24JULFUT,2024-07-04,13:46:00,52995.0,52995.2,52960.0,52960.1,2025
BANKNIFTY24JULFUT,2024-07-04,13:47:00,52962.1,52984.2,52962.0,52973.6,2970
BANKNIFTY24JULFUT,2024-07-04,13:48:00,52981.2,52985.0,52970.0,52970.0,1500
BANKNIFTY24JULFUT,2024-07-04,13:49:00,52970.0,52979.6,52970.0,52978.4,1380
BANKNIFTY24JULFUT,2024-07-04,13:50:00,52978.6,52985.0,52970.0,52970.0,1695
BANKNIFTY24JULFUT,2024-07-04,13:51:00,52970.0,52980.0,52970.0,52978.9,1515
BANKNIFTY24JULFUT,2024-07-04,13:52:00,52980.0,53000.0,52980.0,52996.9,1965
BANKNIFTY24JULFUT,2024-07-04,13:53:00,52991.2,53002.1,52990.0,53002.1,1800
BANKNIFTY24JULFUT,2024-07-04,13:54:00,53002.1,53019.0,53002.1,53012.0,1890
BANKNIFTY24JULFUT,2024-07-04,13:55:00,53010.0,53020.0,53002.0,53002.0,1710
BANKNIFTY24JULFUT,2024-07-04,13:56:00,53002.0,53026.7,52994.2,53015.6,1545
BANKNIFTY24JULFUT,2024-07-04,13:57:00,53015.6,53025.7,53008.0,53015.0,2310
BANKNIFTY24JULFUT,2024-07-04,13:58:00,53015.0,53015.1,52999.1,53010.8,2310
BANKNIFTY24JULFUT,2024-07-04,13:59:00,53010.8,53030.0,53006.6,53017.0,1410
BANKNIFTY24JULFUT,2024-07-04,14:00:00,53027.9,53028.9,53008.4,53015.0,2460
BANKNIFTY24JULFUT,2024-07-04,14:01:00,53015.0,53015.0,53002.1,53003.6,1605
BANKNIFTY24JULFUT,2024-07-04,14:02:00,53003.6,53008.0,52998.1,53008.0,1620
BANKNIFTY24JULFUT,2024-07-04,14:03:00,53008.6,53010.2,52991.0,52999.2,1965
BANKNIFTY24JULFUT,2024-07-04,14:04:00,52999.2,53008.6,52999.2,53005.0,2085
BANKNIFTY24JULFUT,2024-07-04,14:05:00,53005.0,53005.0,52993.4,52997.3,8850
BANKNIFTY24JULFUT,2024-07-04,14:06:00,52997.3,53014.9,52997.3,53013.9,2145
BANKNIFTY24JULFUT,2024-07-04,14:07:00,53007.2,53040.0,53007.0,53039.9,1695
BANKNIFTY24JULFUT,2024-07-04,14:08:00,53039.9,53044.8,53032.8,53042.6,2445
BANKNIFTY24JULFUT,2024-07-04,14:09:00,53044.6,53095.0,53035.1,53095.0,1650
BANKNIFTY24JULFUT,2024-07-04,14:10:00,53097.0,53143.9,53080.0,53124.2,3330
BANKNIFTY24JULFUT,2024-07-04,14:11:00,53121.5,53134.0,53108.0,53130.3,4320
BANKNIFTY24JULFUT,2024-07-04,14:12:00,53130.3,53130.9,53100.0,53100.0,2760
BANKNIFTY24JULFUT,2024-07-04,14:13:00,53100.0,53111.3,53086.2,53090.9,2130
BANKNIFTY24JULFUT,2024-07-04,14:14:00,53090.9,53100.0,53081.0,53091.4,1935
BANKNIFTY24JULFUT,2024-07-04,14:15:00,53091.4,53099.9,53072.9,53082.6,2400
BANKNIFTY24JULFUT,2024-07-04,14:16:00,53082.6,53093.4,53066.0,53072.4,2280
BANKNIFTY24JULFUT,2024-07-04,14:17:00,53072.6,53082.4,53071.4,53076.2,2430
BANKNIFTY24JULFUT,2024-07-04,14:18:00,53070.0,53074.2,53066.0,53070.9,2310
BANKNIFTY24JULFUT,2024-07-04,14:19:00,53068.6,53070.0,53055.0,53060.0,2370
BANKNIFTY24JULFUT,2024-07-04,14:20:00,53055.1,53068.6,53048.6,53051.5,1530
BANKNIFTY24JULFUT,2024-07-04,14:21:00,53056.2,53075.1,53056.2,53071.4,2295
BANKNIFTY24JULFUT,2024-07-04,14:22:00,53070.7,53087.9,53070.4,53084.7,2190
BANKNIFTY24JULFUT,2024-07-04,14:23:00,53083.2,53083.2,53070.0,53070.0,1830
BANKNIFTY24JULFUT,2024-07-04,14:24:00,53070.0,53080.1,53070.0,53072.0,2040
BANKNIFTY24JULFUT,2024-07-04,14:25:00,53072.0,53085.9,53071.7,53082.9,1515
BANKNIFTY24JULFUT,2024-07-04,14:26:00,53082.9,53088.1,53077.4,53088.1,2385
BANKNIFTY24JULFUT,2024-07-04,14:27:00,53099.6,53099.6,53090.0,53091.1,3390
BANKNIFTY24JULFUT,2024-07-04,14:28:00,53090.1,53100.2,53090.1,53100.2,2220
BANKNIFTY24JULFUT,2024-07-04,14:29:00,53100.0,53125.0,53097.2,53122.3,4830
BANKNIFTY24JULFUT,2024-07-04,14:30:00,53146.8,53192.6,53138.8,53180.1,2940
BANKNIFTY24JULFUT,2024-07-04,14:31:00,53194.1,53220.0,53189.3,53217.9,2625
BANKNIFTY24JULFUT,2024-07-04,14:32:00,53215.1,53230.0,53200.0,53200.0,3195
BANKNIFTY24JULFUT,2024-07-04,14:33:00,53200.0,53218.1,53191.1,53205.1,2970
BANKNIFTY24JULFUT,2024-07-04,14:34:00,53198.0,53210.0,53196.1,53205.2,2340
BANKNIFTY24JULFUT,2024-07-04,14:35:00,53205.2,53250.0,53195.0,53245.9,2895
BANKNIFTY24JULFUT,2024-07-04,14:36:00,53245.3,53250.0,53215.1,53220.2,2235
BANKNIFTY24JULFUT,2024-07-04,14:37:00,53222.8,53235.6,53207.4,53235.6,3030
BANKNIFTY24JULFUT,2024-07-04,14:38:00,53222.2,53232.9,53212.3,53221.2,2700
BANKNIFTY24JULFUT,2024-07-04,14:39:00,53225.0,53230.0,53217.1,53229.9,4050
BANKNIFTY24JULFUT,2024-07-04,14:40:00,53225.1,53227.0,53215.9,53220.1,2160
BANKNIFTY24JULFUT,2024-07-04,14:41:00,53219.0,53223.6,53207.0,53215.3,3990
BANKNIFTY24JULFUT,2024-07-04,14:42:00,53215.1,53238.0,53210.0,53210.0,2685
BANKNIFTY24JULFUT,2024-07-04,14:43:00,53216.8,53221.9,53204.0,53214.9,2865
BANKNIFTY24JULFUT,2024-07-04,14:44:00,53214.9,53250.0,53214.9,53250.0,2865
BANKNIFTY24JULFUT,2024-07-04,14:45:00,53249.5,53273.0,53240.0,53246.4,3300
BANKNIFTY24JULFUT,2024-07-04,14:46:00,53247.4,53255.7,53234.0,53234.0,2205
BANKNIFTY24JULFUT,2024-07-04,14:47:00,53229.3,53255.6,53222.1,53255.6,2310
BANKNIFTY24JULFUT,2024-07-04,14:48:00,53260.0,53263.8,53249.2,53253.0,3270
BANKNIFTY24JULFUT,2024-07-04,14:49:00,53255.0,53255.0,53231.7,53240.0,3045
BANKNIFTY24JULFUT,2024-07-04,14:50:00,53240.2,53252.9,53240.0,53249.6,4680
BANKNIFTY24JULFUT,2024-07-04,14:51:00,53250.0,53257.8,53230.0,53231.6,2430
BANKNIFTY24JULFUT,2024-07-04,14:52:00,53232.8,53235.0,53221.0,53225.1,2925
BANKNIFTY24JULFUT,2024-07-04,14:53:00,53227.4,53229.0,53218.0,53220.0,1965
BANKNIFTY24JULFUT,2024-07-04,14:54:00,53215.0,53215.0,53194.0,53194.9,2865
BANKNIFTY24JULFUT,2024-07-04,14:55:00,53199.0,53220.0,53192.1,53198.9,3165
BANKNIFTY24JULFUT,2024-07-04,14:56:00,53198.9,53208.4,53191.8,53195.0,3075
BANKNIFTY24JULFUT,2024-07-04,14:57:00,53195.0,53218.6,53191.0,53200.4,3030
BANKNIFTY24JULFUT,2024-07-04,14:58:00,53200.4,53218.9,53200.4,53213.0,2715
BANKNIFTY24JULFUT,2024-07-04,14:59:00,53213.0,53218.9,53175.6,53179.1,2760
BANKNIFTY24JULFUT,2024-07-04,15:00:00,53180.4,53215.9,53178.1,53206.8,2355
BANKNIFTY24JULFUT,2024-07-04,15:01:00,53213.1,53213.1,53193.2,53206.3,1995
BANKNIFTY24JULFUT,2024-07-04,15:02:00,53205.0,53219.8,53203.0,53214.2,2790
BANKNIFTY24JULFUT,2024-07-04,15:03:00,53215.0,53215.0,53202.5,53208.3,2730
BANKNIFTY24JULFUT,2024-07-04,15:04:00,53208.3,53215.9,53205.8,53210.9,2355
BANKNIFTY24JULFUT,2024-07-04,15:05:00,53210.9,53210.9,53155.7,53180.0,2610
BANKNIFTY24JULFUT,2024-07-04,15:06:00,53174.1,53181.5,53146.1,53150.0,2250
BANKNIFTY24JULFUT,2024-07-04,15:07:00,53151.2,53151.2,53133.9,53133.9,2985
BANKNIFTY24JULFUT,2024-07-04,15:08:00,53130.0,53140.0,53111.5,53127.2,2535
BANKNIFTY24JULFUT,2024-07-04,15:09:00,53130.0,53140.6,53120.0,53140.0,2640
BANKNIFTY24JULFUT,2024-07-04,15:10:00,53131.2,53136.7,53125.0,53130.2,3180
BANKNIFTY24JULFUT,2024-07-04,15:11:00,53130.2,53170.0,53130.2,53164.4,2745
BANKNIFTY24JULFUT,2024-07-04,15:12:00,53157.0,53161.9,53135.1,53151.1,2505
BANKNIFTY24JULFUT,2024-07-04,15:13:00,53150.2,53165.1,53141.2,53157.1,1740
BANKNIFTY24JULFUT,2024-07-04,15:14:00,53157.1,53169.4,53153.1,53169.1,4575
BANKNIFTY24JULFUT,2024-07-04,15:15:00,53159.6,53161.4,53140.2,53148.1,1650
BANKNIFTY24JULFUT,2024-07-04,15:16:00,53146.8,53165.0,53143.1,53146.6,2655
BANKNIFTY24JULFUT,2024-07-04,15:17:00,53146.4,53169.0,53145.9,53167.4,3345
BANKNIFTY24JULFUT,2024-07-04,15:18:00,53169.2,53179.9,53160.9,53164.6,2535
BANKNIFTY24JULFUT,2024-07-04,15:19:00,53164.9,53180.0,53163.9,53180.0,3030
BANKNIFTY24JULFUT,2024-07-04,15:20:00,53180.0,53181.9,53160.0,53161.9,2115
BANKNIFTY24JULFUT,2024-07-04,15:21:00,53160.0,53176.6,53158.8,53164.3,2010
BANKNIFTY24JULFUT,2024-07-04,15:22:00,53164.5,53172.0,53160.4,53162.6,2655
BANKNIFTY24JULFUT,2024-07-04,15:23:00,53162.4,53174.0,53162.1,53169.6,2865
BANKNIFTY24JULFUT,2024-07-04,15:24:00,53166.4,53179.0,53166.3,53173.9,4320
BANKNIFTY24JULFUT,2024-07-04,15:25:00,53173.3,53184.0,53173.3,53175.6,2370
BANKNIFTY24JULFUT,2024-07-04,15:26:00,53175.3,53177.6,53175.2,53175.2,2715
BANKNIFTY24JULFUT,2024-07-04,15:27:00,53175.2,53190.0,53175.0,53175.0,3510
BANKNIFTY24JULFUT,2024-07-04,15:28:00,53175.0,53179.9,53170.0,53170.9,2685
BANKNIFTY24JULFUT,2024-07-04,15:29:00,53171.0,53180.0,53170.1,53180.0,5160
BANKNIFTY24JULFUT,2024-07-04,15:30:00,53189.9,53189.9,53189.9,53189.9,135
NIFTY24JULFUT,2024-07-04,10:16:00,24439.0,24440.0,24435.3,24440.0,1125
NIFTY24JULFUT,2024-07-04,10:17:00,24440.0,24444.4,24432.9,24433.9,6125
NIFTY24JULFUT,2024-07-04,10:18:00,24434.0,24435.9,24411.1,24412.7,4800
NIFTY24JULFUT,2024-07-04,10:19:00,24415.0,24423.8,24411.6,24420.3,8175
NIFTY24JULFUT,2024-07-04,10:20:00,24422.4,24422.9,24418.1,24418.1,4700
NIFTY24JULFUT,2024-07-04,10:21:00,24418.1,24422.0,24412.1,24420.0,5675
NIFTY24JULFUT,2024-07-04,10:22:00,24418.5,24420.9,24416.4,24417.8,4550
NIFTY24JULFUT,2024-07-04,10:23:00,24417.8,24418.1,24406.9,24408.0,6400
NIFTY24JULFUT,2024-07-04,10:24:00,24406.8,24409.8,24401.0,24406.1,6450
NIFTY24JULFUT,2024-07-04,10:25:00,24407.2,24416.8,24407.2,24414.8,4675
NIFTY24JULFUT,2024-07-04,10:26:00,24414.7,24414.7,24400.8,24406.2,6050
NIFTY24JULFUT,2024-07-04,10:27:00,24403.6,24404.0,24395.0,24400.7,6700
NIFTY24JULFUT,2024-07-04,10:28:00,24400.7,24408.1,24400.0,24405.2,5575
NIFTY24JULFUT,2024-07-04,10:29:00,24410.3,24412.7,24405.8,24407.6,4150
NIFTY24JULFUT,2024-07-04,10:30:00,24407.6,24412.9,24407.0,24409.1,8375
NIFTY24JULFUT,2024-07-04,10:31:00,24409.0,24409.9,24401.0,24403.7,6050
NIFTY24JULFUT,2024-07-04,10:32:00,24403.7,24407.2,24398.0,24401.3,5400
NIFTY24JULFUT,2024-07-04,10:33:00,24403.7,24403.7,24391.0,24391.0,6225
NIFTY24JULFUT,2024-07-04,10:34:00,24391.9,24392.0,24381.0,24386.3,5950
NIFTY24JULFUT,2024-07-04,10:35:00,24385.0,24387.3,24380.0,24386.6,5575
NIFTY24JULFUT,2024-07-04,10:36:00,24385.0,24396.0,24385.0,24392.0,5250
NIFTY24JULFUT,2024-07-04,10:37:00,24391.9,24394.0,24380.0,24382.0,3875
NIFTY24JULFUT,2024-07-04,10:38:00,24384.5,24391.8,24382.0,24389.1,3375
NIFTY24JULFUT,2024-07-04,10:39:00,24389.1,24389.6,24382.6,24384.4,6900
NIFTY24JULFUT,2024-07-04,10:40:00,24384.5,24391.9,24381.8,24391.9,6100
NIFTY24JULFUT,2024-07-04,10:41:00,24392.4,24394.6,24380.0,24393.6,9375
NIFTY24JULFUT,2024-07-04,10:42:00,24394.6,24398.6,24391.2,24396.9,5350
NIFTY24JULFUT,2024-07-04,10:43:00,24396.9,24399.0,24392.1,24394.9,4675
NIFTY24JULFUT,2024-07-04,10:44:00,24395.0,24399.3,24393.6,24396.9,3550
NIFTY24JULFUT,2024-07-04,10:45:00,24396.9,24399.0,24390.8,24393.9,4000
NIFTY24JULFUT,2024-07-04,10:46:00,24394.8,24394.8,24366.3,24366.3,6900
NIFTY24JULFUT,2024-07-04,10:47:00,24366.3,24376.8,24364.9,24374.9,4850
NIFTY24JULFUT,2024-07-04,10:48:00,24376.7,24380.0,24374.8,24380.0,5300
NIFTY24JULFUT,2024-07-04,10:49:00,24379.0,24383.4,24375.4,24383.3,4500
NIFTY24JULFUT,2024-07-04,10:50:00,24381.0,24382.5,24377.0,24379.9,3800
NIFTY24JULFUT,2024-07-04,10:51:00,24379.9,24385.5,24378.5,24383.4,4175
NIFTY24JULFUT,2024-07-04,10:52:00,24383.8,24386.0,24377.0,24380.0,5100
NIFTY24JULFUT,2024-07-04,10:53:00,24379.0,24385.5,24378.2,24380.0,4025
NIFTY24JULFUT,2024-07-04,10:54:00,24382.3,24384.0,24376.0,24378.8,2925
NIFTY24JULFUT,2024-07-04,10:55:00,24378.3,24381.2,24375.0,24380.0,4850
NIFTY24JULFUT,2024-07-04,10:56:00,24380.0,24387.1,24378.2,24386.2,3325
NIFTY24JULFUT,2024-07-04,10:57:00,24386.2,24394.6,24385.0,24390.4,5225
NIFTY24JULFUT,2024-07-04,10:58:00,24390.0,24391.8,24380.0,24380.0,4225
NIFTY24JULFUT,2024-07-04,10:59:00,24380.0,24385.0,24380.0,24382.0,3625
NIFTY24JULFUT,2024-07-04,11:00:00,24382.0,24387.3,24382.0,24383.1,4950
NIFTY24JULFUT,2024-07-04,11:01:00,24385.0,24385.0,24380.0,24380.1,4025
NIFTY24JULFUT,2024-07-04,11:02:00,24380.1,24382.4,24375.0,24378.2,4750
NIFTY24JULFUT,2024-07-04,11:03:00,24378.2,24396.5,24378.2,24391.9,5625
NIFTY24JULFUT,2024-07-04,11:04:00,24394.8,24397.2,24391.2,24394.0,4175
NIFTY24JULFUT,2024-07-04,11:05:00,24394.2,24399.8,24390.0,24396.7,3375
NIFTY24JULFUT,2024-07-04,11:06:00,24399.0,24400.0,24392.1,24393.4,3975
NIFTY24JULFUT,2024-07-04,11:07:00,24393.5,24394.0,24382.2,24382.2,4700
NIFTY24JULFUT,2024-07-04,11:08:00,24382.2,24391.5,24382.2,24391.5,8175
NIFTY24JULFUT,2024-07-04,11:09:00,24387.3,24400.0,24387.3,24397.9,4025
NIFTY24JULFUT,2024-07-04,11:10:00,24397.5,24398.8,24390.6,24396.0,4150
NIFTY24JULFUT,2024-07-04,11:11:00,24396.0,24399.6,24393.2,24399.2,4025
NIFTY24JULFUT,2024-07-04,11:12:00,24399.5,24401.9,24395.0,24397.0,6150
NIFTY24JULFUT,2024-07-04,11:13:00,24392.4,24399.9,24392.3,24398.0,3325
NIFTY24JULFUT,2024-07-04,11:14:00,24395.8,24397.7,24390.4,24390.4,3275
NIFTY24JULFUT,2024-07-04,11:15:00,24395.0,24397.6,24390.2,24393.1,5300
NIFTY24JULFUT,2024-07-04,11:16:00,24395.4,24399.1,24391.5,24392.8,5525
NIFTY24JULFUT,2024-07-04,11:17:00,24394.8,24401.0,24392.8,24400.0,3650
NIFTY24JULFUT,2024-07-04,11:18:00,24401.7,24402.6,24396.1,24400.0,6875
NIFTY24JULFUT,2024-07-04,11:19:00,24400.0,24401.2,24395.8,24398.0,6700
NIFTY24JULFUT,2024-07-04,11:20:00,24398.0,24402.0,24395.9,24400.0,4125
NIFTY24JULFUT,2024-07-04,11:21:00,24401.7,24402.4,24393.6,24397.6,7925
NIFTY24JULFUT,2024-07-04,11:22:00,24397.8,24405.2,24394.1,24400.9,4775
NIFTY24JULFUT,2024-07-04,11:23:00,24400.8,24404.9,24400.0,24404.9,4075
NIFTY24JULFUT,2024-07-04,11:24:00,24403.5,24406.0,24401.0,24401.0,4400
NIFTY24JULFUT,2024-07-04,11:25:00,24401.0,24406.3,24400.0,24405.7,2850
NIFTY24JULFUT,2024-07-04,11:26:00,24405.7,24405.7,24395.6,24396.5,3550
NIFTY24JULFUT,2024-07-04,11:27:00,24396.5,24399.7,24394.8,24399.7,5775
NIFTY24JULFUT,2024-07-04,11:28:00,24397.5,24405.9,24397.5,24405.8,3750
NIFTY24JULFUT,2024-07-04,11:29:00,24405.0,24405.5,24400.6,24404.8,4850
NIFTY24JULFUT,2024-07-04,11:30:00,24404.8,24406.9,24400.8,24403.3,3925
NIFTY24JULFUT,2024-07-04,11:31:00,24403.3,24403.3,24397.0,24403.3,4700
NIFTY24JULFUT,2024-07-04,11:32:00,24400.7,24405.0,24400.7,24400.9,3050
NIFTY24JULFUT,2024-07-04,11:33:00,24403.4,24404.0,24398.1,24400.0,3150
NIFTY24JULFUT,2024-07-04,11:34:00,24400.0,24400.0,24393.7,24395.0,3150
NIFTY24JULFUT,2024-07-04,11:35:00,24395.0,24397.2,24393.0,24395.0,4975
NIFTY24JULFUT,2024-07-04,11:36:00,24395.0,24395.9,24385.5,24388.0,4300
NIFTY24JULFUT,2024-07-04,11:37:00,24390.0,24395.0,24388.7,24390.8,4900
NIFTY24JULFUT,2024-07-04,11:38:00,24390.8,24394.9,24390.3,24390.9,3950
NIFTY24JULFUT,2024-07-04,11:39:00,24395.0,24399.2,24392.0,24392.5,3850
NIFTY24JULFUT,2024-07-04,11:40:00,24392.5,24396.6,24390.8,24392.0,3125
NIFTY24JULFUT,2024-07-04,11:41:00,24390.5,24393.0,24390.5,24390.7,2350
NIFTY24JULFUT,2024-07-04,11:42:00,24394.2,24394.2,24390.6,24391.0,4925
NIFTY24JULFUT,2024-07-04,11:43:00,24391.0,24393.0,24391.0,24391.1,2400
NIFTY24JULFUT,2024-07-04,11:44:00,24391.1,24392.4,24391.0,24392.2,3175
NIFTY24JULFUT,2024-07-04,11:45:00,24391.1,24392.2,24385.0,24385.0,5475
NIFTY24JULFUT,2024-07-04,11:46:00,24384.5,24388.1,24382.2,24388.1,5525
NIFTY24JULFUT,2024-07-04,11:47:00,24388.1,24392.0,24386.3,24392.0,4325
NIFTY24JULFUT,2024-07-04,11:48:00,24392.0,24394.4,24390.8,24393.0,3425
NIFTY24JULFUT,2024-07-04,11:49:00,24393.4,24394.8,24390.8,24394.8,2950
NIFTY24JULFUT,2024-07-04,11:50:00,24394.8,24395.2,24393.0,24395.2,4325
NIFTY24JULFUT,2024-07-04,11:51:00,24395.0,24396.8,24390.5,24390.5,3675
NIFTY24JULFUT,2024-07-04,11:52:00,24390.5,24392.1,24386.3,24386.6,6350
NIFTY24JULFUT,2024-07-04,11:53:00,24386.6,24390.9,24386.4,24388.1,3350
NIFTY24JULFUT,2024-07-04,11:54:00,24388.1,24393.4,24388.1,24391.5,2450
NIFTY24JULFUT,2024-07-04,11:55:00,24391.5,24394.4,24388.2,24393.7,3100
NIFTY24JULFUT,2024-07-04,11:56:00,24390.6,24393.2,24390.1,24391.0,2000
NIFTY24JULFUT,2024-07-04,11:57:00,24390.2,24390.2,24386.4,24386.4,2625
NIFTY24JULFUT,2024-07-04,11:58:00,24386.4,24389.9,24385.8,24386.5,12200
NIFTY24JULFUT,2024-07-04,11:59:00,24386.5,24390.0,24385.8,24388.0,6525
NIFTY24JULFUT,2024-07-04,12:00:00,24387.0,24390.0,24386.7,24387.9,12175
NIFTY24JULFUT,2024-07-04,12:01:00,24387.9,24392.2,24386.3,24390.0,7875
NIFTY24JULFUT,2024-07-04,12:02:00,24390.0,24392.4,24388.1,24392.0,7675
NIFTY24JULFUT,2024-07-04,12:03:00,24392.0,24393.0,24385.2,24385.2,6950
NIFTY24JULFUT,2024-07-04,12:04:00,24385.2,24388.8,24385.0,24388.2,3850
NIFTY24JULFUT,2024-07-04,12:05:00,24385.0,24388.4,24385.0,24385.4,3450
NIFTY24JULFUT,2024-07-04,12:06:00,24385.4,24389.6,24385.0,24385.0,3100
NIFTY24JULFUT,2024-07-04,12:07:00,24385.0,24389.3,24385.0,24386.0,2675
NIFTY24JULFUT,2024-07-04,12:08:00,24388.7,24391.0,24385.0,24387.4,6050
NIFTY24JULFUT,2024-07-04,12:09:00,24388.2,24395.9,24386.8,24391.7,3050
NIFTY24JULFUT,2024-07-04,12:10:00,24391.7,24397.8,24391.1,24397.0,2650
NIFTY24JULFUT,2024-07-04,12:11:00,24397.0,24399.8,24393.0,24398.7,3425
NIFTY24JULFUT,2024-07-04,12:12:00,24398.7,24399.9,24393.3,24393.3,2975
NIFTY24JULFUT,2024-07-04,12:13:00,24395.0,24398.8,24393.1,24394.0,3850
NIFTY24JULFUT,2024-07-04,12:14:00,24394.0,24396.9,24389.8,24389.8,3450
NIFTY24JULFUT,2024-07-04,12:15:00,24393.0,24398.0,24389.3,24398.0,3350
NIFTY24JULFUT,2024-07-04,12:16:00,24393.9,24398.5,24393.9,24398.1,4400
NIFTY24JULFUT,2024-07-04,12:17:00,24398.1,24399.0,24395.0,24399.0,4525
NIFTY24JULFUT,2024-07-04,12:18:00,24398.0,24401.6,24397.0,24397.2,3625
NIFTY24JULFUT,2024-07-04,12:19:00,24397.2,24399.5,24395.1,24398.2,3650
NIFTY24JULFUT,2024-07-04,12:20:00,24398.9,24398.9,24395.1,24395.1,3725
NIFTY24JULFUT,2024-07-04,12:21:00,24395.1,24399.0,24395.1,24395.9,4750
NIFTY24JULFUT,2024-07-04,12:22:00,24395.9,24403.5,24395.9,24400.7,3900
NIFTY24JULFUT,2024-07-04,12:23:00,24400.7,24410.1,24400.1,24406.0,3750
NIFTY24JULFUT,2024-07-04,12:24:00,24405.0,24407.4,24398.2,24400.0,5300
NIFTY24JULFUT,2024-07-04,12:25:00,24400.0,24400.0,24396.6,24396.7,7100
NIFTY24JULFUT,2024-07-04,12:26:00,24396.7,24403.1,24396.7,24403.1,4475
NIFTY24JULFUT,2024-07-04,12:27:00,24403.1,24405.1,24401.8,24404.6,4625
NIFTY24JULFUT,2024-07-04,12:28:00,24404.6,24406.0,24402.9,24405.8,4225
NIFTY24JULFUT,2024-07-04,12:29:00,24405.7,24406.0,24400.6,24405.0,4925
NIFTY24JULFUT,2024-07-04,12:30:00,24405.0,24407.2,24402.1,24403.0,3575
NIFTY24JULFUT,2024-07-04,12:31:00,24404.8,24405.7,24401.0,24401.0,3100
NIFTY24JULFUT,2024-07-04,12:32:00,24401.0,24402.9,24398.6,24398.6,4075
NIFTY24JULFUT,2024-07-04,12:33:00,24398.6,24402.9,24398.6,24400.0,5700
NIFTY24JULFUT,2024-07-04,12:34:00,24400.0,24403.0,24398.6,24401.0,4525
NIFTY24JULFUT,2024-07-04,12:35:00,24401.0,24403.0,24399.1,24399.1,5575
NIFTY24JULFUT,2024-07-04,12:36:00,24400.0,24402.6,24397.0,24397.1,8325
NIFTY24JULFUT,2024-07-04,12:37:00,24397.1,24398.6,24395.4,24396.8,4775
NIFTY24JULFUT,2024-07-04,12:38:00,24396.3,24402.1,24395.7,24399.9,5025
NIFTY24JULFUT,2024-07-04,12:39:00,24399.9,24402.0,24396.8,24399.9,3325
NIFTY24JULFUT,2024-07-04,12:40:00,24399.9,24402.0,24398.1,24400.0,2800
NIFTY24JULFUT,2024-07-04,12:41:00,24400.0,24400.0,24395.7,24398.8,5325
NIFTY24JULFUT,2024-07-04,12:42:00,24398.8,24403.0,24397.8,24403.0,4350
NIFTY24JULFUT,2024-07-04,12:43:00,24404.0,24406.4,24403.0,24404.9,6750
NIFTY24JULFUT,2024-07-04,12:44:00,24404.9,24405.0,24400.0,24403.7,5200
NIFTY24JULFUT,2024-07-04,12:45:00,24403.5,24406.0,24403.5,24405.1,4275
NIFTY24JULFUT,2024-07-04,12:46:00,24404.5,24406.0,24404.5,24405.6,5000
NIFTY24JULFUT,2024-07-04,12:47:00,24405.2,24405.9,24403.0,24404.8,3650
NIFTY24JULFUT,2024-07-04,12:48:00,24404.8,24406.4,24404.0,24406.4,2700
NIFTY24JULFUT,2024-07-04,12:49:00,24406.4,24408.9,24403.1,24408.0,4375
NIFTY24JULFUT,2024-07-04,12:50:00,24408.6,24409.2,24406.4,24406.4,3725
NIFTY24JULFUT,2024-07-04,12:51:00,24406.4,24408.9,24404.9,24408.0,3400
NIFTY24JULFUT,2024-07-04,12:52:00,24408.0,24408.7,24406.0,24406.0,4675
NIFTY24JULFUT,2024-07-04,12:53:00,24406.0,24408.0,24406.0,24407.2,4650
NIFTY24JULFUT,2024-07-04,12:54:00,24407.2,24408.4,24405.6,24406.2,4450
NIFTY24JULFUT,2024-07-04,12:55:00,24405.7,24406.0,24402.6,24405.2,2900
NIFTY24JULFUT,2024-07-04,12:56:00,24405.2,24405.9,24401.0,24402.5,2825
NIFTY24JULFUT,2024-07-04,12:57:00,24403.3,24404.9,24401.1,24404.0,3000
NIFTY24JULFUT,2024-07-04,12:58:00,24404.0,24404.6,24398.9,24400.0,4875
NIFTY24JULFUT,2024-07-04,12:59:00,24401.1,24402.2,24396.9,24397.2,4300
NIFTY24JULFUT,2024-07-04,13:00:00,24400.6,24400.6,24395.4,24398.5,4400
NIFTY24JULFUT,2024-07-04,13:01:00,24398.5,24400.8,24396.0,24400.1,3550
NIFTY24JULFUT,2024-07-04,13:02:00,24400.1,24401.2,24395.9,24401.0,3125
NIFTY24JULFUT,2024-07-04,13:03:00,24401.0,24401.0,24390.2,24390.4,3600
NIFTY24JULFUT,2024-07-04,13:04:00,24390.4,24395.0,24389.0,24393.5,3675
NIFTY24JULFUT,2024-07-04,13:05:00,24393.5,24395.0,24390.9,24395.0,4775
NIFTY24JULFUT,2024-07-04,13:06:00,24395.0,24397.2,24392.5,24396.8,4800
NIFTY24JULFUT,2024-07-04,13:07:00,24396.8,24396.8,24392.0,24394.8,3550
NIFTY24JULFUT,2024-07-04,13:08:00,24395.0,24398.0,24393.8,24397.5,5450
NIFTY24JULFUT,2024-07-04,13:09:00,24395.9,24400.0,24393.8,24400.0,5300
NIFTY24JULFUT,2024-07-04,13:10:00,24400.0,24404.3,24400.0,24400.0,9350
NIFTY24JULFUT,2024-07-04,13:11:00,24400.0,24400.2,24396.0,24397.0,5725
NIFTY24JULFUT,2024-07-04,13:12:00,24397.0,24397.0,24391.2,24391.2,5200
NIFTY24JULFUT,2024-07-04,13:13:00,24391.1,24392.2,24387.2,24392.2,5775
NIFTY24JULFUT,2024-07-04,13:14:00,24390.0,24393.6,24389.0,24389.4,9600
NIFTY24JULFUT,2024-07-04,13:15:00,24388.5,24389.4,24385.6,24389.4,5600
NIFTY24JULFUT,2024-07-04,13:16:00,24388.7,24389.9,24385.1,24388.9,3475
NIFTY24JULFUT,2024-07-04,13:17:00,24386.7,24393.0,24386.2,24392.3,2875
NIFTY24JULFUT,2024-07-04,13:18:00,24393.4,24393.4,24392.0,24393.0,3700
NIFTY24JULFUT,2024-07-04,13:19:00,24393.0,24394.0,24392.0,24394.0,5950
NIFTY24JULFUT,2024-07-04,13:20:00,24394.0,24396.2,24393.8,24395.5,3475
NIFTY24JULFUT,2024-07-04,13:21:00,24395.7,24396.8,24394.4,24394.4,4400
NIFTY24JULFUT,2024-07-04,13:22:00,24394.4,24397.0,24394.4,24396.0,3700
NIFTY24JULFUT,2024-07-04,13:23:00,24396.0,24396.9,24395.0,24396.2,4200
NIFTY24JULFUT,2024-07-04,13:24:00,24396.2,24396.2,24393.2,24393.2,4175
NIFTY24JULFUT,2024-07-04,13:25:00,24393.2,24393.5,24390.0,24392.0,6025
NIFTY24JULFUT,2024-07-04,13:26:00,24392.0,24392.2,24390.0,24391.4,3650
NIFTY24JULFUT,2024-07-04,13:27:00,24391.4,24391.4,24385.1,24390.0,3975
NIFTY24JULFUT,2024-07-04,13:28:00,24390.0,24393.8,24387.6,24390.5,2975
NIFTY24JULFUT,2024-07-04,13:29:00,24390.5,24393.2,24387.9,24390.1,6675
NIFTY24JULFUT,2024-07-04,13:30:00,24390.1,24392.1,24387.1,24389.5,5225
NIFTY24JULFUT,2024-07-04,13:31:00,24389.5,24389.9,24382.1,24382.3,4375
NIFTY24JULFUT,2024-07-04,13:32:00,24382.3,24385.0,24378.1,24378.2,4225
NIFTY24JULFUT,2024-07-04,13:33:00,24378.1,24382.8,24375.1,24375.7,5650
NIFTY24JULFUT,2024-07-04,13:34:00,24376.1,24382.9,24376.1,24382.9,3900
NIFTY24JULFUT,2024-07-04,13:35:00,24382.9,24384.5,24380.8,24381.1,3800
NIFTY24JULFUT,2024-07-04,13:36:00,24380.8,24382.9,24378.2,24380.2,3300
NIFTY24JULFUT,2024-07-04,13:37:00,24380.2,24384.2,24379.0,24382.1,2950
NIFTY24JULFUT,2024-07-04,13:38:00,24382.1,24386.4,24382.1,24384.1,3300
NIFTY24JULFUT,2024-07-04,13:39:00,24384.6,24387.0,24384.1,24386.0,4725
NIFTY24JULFUT,2024-07-04,13:40:00,24386.0,24387.0,24385.0,24385.5,3425
NIFTY24JULFUT,2024-07-04,13:41:00,24385.5,24387.3,24383.8,24383.8,9800
NIFTY24JULFUT,2024-07-04,13:42:00,24383.8,24384.0,24381.2,24382.0,5975
NIFTY24JULFUT,2024-07-04,13:43:00,24382.0,24382.0,24375.7,24378.0,5675
NIFTY24JULFUT,2024-07-04,13:44:00,24378.0,24380.0,24377.9,24378.8,3275
NIFTY24JULFUT,2024-07-04,13:45:00,24378.3,24380.0,24376.7,24380.0,10900
NIFTY24JULFUT,2024-07-04,13:46:00,24380.0,24382.2,24364.7,24366.4,6775
NIFTY24JULFUT,2024-07-04,13:47:00,24365.8,24373.2,24365.8,24371.0,7475
NIFTY24JULFUT,2024-07-04,13:48:00,24370.5,24373.8,24365.3,24367.5,5650
NIFTY24JULFUT,2024-07-04,13:49:00,24365.3,24368.7,24364.7,24365.1,5000
NIFTY24JULFUT,2024-07-04,13:50:00,24365.2,24366.9,24359.2,24360.8,4775
NIFTY24JULFUT,2024-07-04,13:51:00,24361.0,24363.0,24359.2,24362.2,4100
NIFTY24JULFUT,2024-07-04,13:52:00,24362.9,24368.6,24362.0,24368.3,4975
NIFTY24JULFUT,2024-07-04,13:53:00,24365.8,24369.9,24365.2,24369.0,6350
NIFTY24JULFUT,2024-07-04,13:54:00,24368.2,24370.0,24367.0,24367.6,3375
NIFTY24JULFUT,2024-07-04,13:55:00,24370.0,24370.0,24361.8,24361.8,6075
NIFTY24JULFUT,2024-07-04,13:56:00,24362.0,24366.5,24362.0,24365.1,4300
NIFTY24JULFUT,2024-07-04,13:57:00,24368.5,24368.8,24365.1,24368.8,4350
NIFTY24JULFUT,2024-07-04,13:58:00,24368.8,24369.0,24365.0,24368.0,5575
NIFTY24JULFUT,2024-07-04,13:59:00,24368.0,24372.0,24365.3,24369.6,6275
NIFTY24JULFUT,2024-07-04,14:00:00,24366.8,24371.9,24365.2,24365.2,3625
NIFTY24JULFUT,2024-07-04,14:01:00,24369.8,24369.8,24367.1,24368.9,7600
NIFTY24JULFUT,2024-07-04,14:02:00,24368.9,24369.0,24367.1,24367.8,5150
NIFTY24JULFUT,2024-07-04,14:03:00,24367.8,24368.8,24364.0,24365.3,4975
NIFTY24JULFUT,2024-07-04,14:04:00,24366.9,24367.0,24364.0,24366.2,3650
NIFTY24JULFUT,2024-07-04,14:05:00,24365.5,24366.2,24362.7,24363.5,5900
NIFTY24JULFUT,2024-07-04,14:06:00,24363.0,24364.0,24363.0,24363.9,6725
NIFTY24JULFUT,2024-07-04,14:07:00,24363.9,24378.3,24363.8,24378.3,7425
NIFTY24JULFUT,2024-07-04,14:08:00,24375.0,24380.2,24375.0,24379.2,5500
NIFTY24JULFUT,2024-07-04,14:09:00,24378.0,24388.0,24377.2,24388.0,4900
NIFTY24JULFUT,2024-07-04,14:10:00,24389.0,24394.7,24385.9,24393.9,7025
NIFTY24JULFUT,2024-07-04,14:11:00,24393.7,24393.7,24385.5,24391.0,5375
NIFTY24JULFUT,2024-07-04,14:12:00,24391.0,24394.8,24389.9,24391.0,4300
NIFTY24JULFUT,2024-07-04,14:13:00,24391.0,24392.0,24389.9,24390.8,6675
NIFTY24JULFUT,2024-07-04,14:14:00,24390.8,24392.8,24389.9,24391.0,6000
NIFTY24JULFUT,2024-07-04,14:15:00,24391.1,24392.1,24380.2,24380.2,4150
NIFTY24JULFUT,2024-07-04,14:16:00,24380.3,24388.2,24380.0,24388.2,4275
NIFTY24JULFUT,2024-07-04,14:17:00,24388.7,24396.8,24387.1,24393.3,3525
NIFTY24JULFUT,2024-07-04,14:18:00,24393.0,24394.8,24392.0,24392.8,4550
NIFTY24JULFUT,2024-07-04,14:19:00,24392.8,24392.8,24385.6,24386.2,4600
NIFTY24JULFUT,2024-07-04,14:20:00,24386.6,24387.0,24384.0,24384.0,3425
NIFTY24JULFUT,2024-07-04,14:21:00,24385.0,24385.3,24376.6,24378.0,5925
NIFTY24JULFUT,2024-07-04,14:22:00,24377.6,24388.7,24377.6,24386.0,8725
NIFTY24JULFUT,2024-07-04,14:23:00,24386.0,24386.0,24380.6,24383.1,6925
NIFTY24JULFUT,2024-07-04,14:24:00,24383.1,24386.0,24382.8,24382.8,4775
NIFTY24JULFUT,2024-07-04,14:25:00,24382.0,24386.0,24379.6,24383.3,3950
NIFTY24JULFUT,2024-07-04,14:26:00,24383.3,24385.2,24379.7,24383.0,5500
NIFTY24JULFUT,2024-07-04,14:27:00,24385.8,24386.0,24382.0,24384.5,6225
NIFTY24JULFUT,2024-07-04,14:28:00,24384.5,24384.8,24382.0,24382.6,4100
NIFTY24JULFUT,2024-07-04,14:29:00,24382.5,24383.9,24381.0,24382.0,7025
NIFTY24JULFUT,2024-07-04,14:30:00,24383.4,24384.0,24381.0,24381.0,5225
NIFTY24JULFUT,2024-07-04,14:31:00,24381.0,24388.0,24379.9,24387.5,4275
NIFTY24JULFUT,2024-07-04,14:32:00,24387.6,24395.8,24382.7,24395.0,4650
NIFTY24JULFUT,2024-07-04,14:33:00,24395.3,24395.7,24388.6,24388.6,4400
NIFTY24JULFUT,2024-07-04,14:34:00,24391.9,24391.9,24386.8,24387.2,4000
NIFTY24JULFUT,2024-07-04,14:35:00,24387.0,24393.0,24387.0,24392.0,4875
NIFTY24JULFUT,2024-07-04,14:36:00,24392.0,24392.9,24388.8,24392.0,5875
NIFTY24JULFUT,2024-07-04,14:37:00,24391.2,24391.2,24387.0,24388.1,3075
NIFTY24JULFUT,2024-07-04,14:38:00,24390.0,24390.9,24387.3,24390.0,3950
NIFTY24JULFUT,2024-07-04,14:39:00,24390.0,24392.8,24387.0,24389.0,9350
NIFTY24JULFUT,2024-07-04,14:40:00,24392.0,24394.7,24389.6,24390.0,4425
NIFTY24JULFUT,2024-07-04,14:41:00,24389.3,24391.6,24388.0,24390.7,4250
NIFTY24JULFUT,2024-07-04,14:42:00,24390.7,24394.8,24387.5,24387.5,3100
NIFTY24JULFUT,2024-07-04,14:43:00,24388.9,24389.9,24385.1,24385.2,3175
NIFTY24JULFUT,2024-07-04,14:44:00,24388.0,24394.3,24385.3,24394.3,4475
NIFTY24JULFUT,2024-07-04,14:45:00,24394.3,24395.0,24391.1,24394.7,6650
NIFTY24JULFUT,2024-07-04,14:46:00,24394.2,24394.7,24390.2,24390.2,3025
NIFTY24JULFUT,2024-07-04,14:47:00,24391.4,24391.7,24388.1,24388.1,4775
NIFTY24JULFUT,2024-07-04,14:48:00,24388.1,24390.0,24387.0,24388.2,3825
NIFTY24JULFUT,2024-07-04,14:49:00,24388.0,24389.1,24377.4,24381.6,6000
NIFTY24JULFUT,2024-07-04,14:50:00,24383.0,24385.0,24373.2,24380.0,5025
NIFTY24JULFUT,2024-07-04,14:51:00,24380.9,24382.2,24372.5,24373.8,5525
NIFTY24JULFUT,2024-07-04,14:52:00,24375.0,24375.0,24367.3,24372.0,5950
NIFTY24JULFUT,2024-07-04,14:53:00,24371.1,24376.3,24369.2,24369.2,3875
NIFTY24JULFUT,2024-07-04,14:54:00,24371.2,24372.0,24367.0,24367.7,3800
NIFTY24JULFUT,2024-07-04,14:55:00,24367.5,24369.9,24362.2,24364.8,5350
NIFTY24JULFUT,2024-07-04,14:56:00,24362.2,24366.1,24361.0,24361.0,7600
NIFTY24JULFUT,2024-07-04,14:57:00,24362.0,24369.2,24361.2,24366.0,6700
NIFTY24JULFUT,2024-07-04,14:58:00,24365.9,24368.2,24363.5,24365.1,6375
NIFTY24JULFUT,2024-07-04,14:59:00,24367.9,24368.9,24353.8,24356.9,5700
NIFTY24JULFUT,2024-07-04,15:00:00,24356.9,24362.4,24353.3,24358.3,7500
NIFTY24JULFUT,2024-07-04,15:01:00,24359.4,24362.2,24354.7,24362.2,6125
NIFTY24JULFUT,2024-07-04,15:02:00,24362.0,24364.0,24358.1,24361.4,5300
NIFTY24JULFUT,2024-07-04,15:03:00,24361.3,24365.0,24360.0,24362.9,4950
NIFTY24JULFUT,2024-07-04,15:04:00,24361.5,24363.0,24357.7,24357.7,4725
NIFTY24JULFUT,2024-07-04,15:05:00,24359.8,24359.8,24345.7,24348.1,6375
NIFTY24JULFUT,2024-07-04,15:06:00,24349.0,24350.0,24346.3,24347.9,7050
NIFTY24JULFUT,2024-07-04,15:07:00,24348.2,24348.2,24344.0,24344.9,6925
NIFTY24JULFUT,2024-07-04,15:08:00,24344.9,24344.9,24340.0,24341.0,8000
NIFTY24JULFUT,2024-07-04,15:09:00,24341.4,24341.8,24335.0,24337.4,5675
NIFTY24JULFUT,2024-07-04,15:10:00,24337.7,24343.6,24336.1,24343.2,7475
NIFTY24JULFUT,2024-07-04,15:11:00,24343.8,24353.2,24343.0,24350.7,7025
NIFTY24JULFUT,2024-07-04,15:12:00,24350.7,24351.0,24345.2,24346.3,9675
NIFTY24JULFUT,2024-07-04,15:13:00,24346.3,24357.2,24346.3,24357.0,7450
NIFTY24JULFUT,2024-07-04,15:14:00,24357.0,24357.5,24354.0,24355.9,6025
NIFTY24JULFUT,2024-07-04,15:15:00,24356.7,24358.6,24354.0,24356.2,6100
NIFTY24JULFUT,2024-07-04,15:16:00,24358.6,24360.0,24355.7,24359.1,5850
NIFTY24JULFUT,2024-07-04,15:17:00,24359.2,24360.6,24355.0,24360.6,5100
NIFTY24JULFUT,2024-07-04,15:18:00,24361.3,24363.1,24360.0,24363.1,5725
NIFTY24JULFUT,2024-07-04,15:19:00,24363.2,24368.9,24362.6,24368.8,7700
NIFTY24JULFUT,2024-07-04,15:20:00,24369.9,24372.9,24368.0,24370.1,6325
NIFTY24JULFUT,2024-07-04,15:21:00,24371.0,24371.0,24365.1,24369.5,8250
NIFTY24JULFUT,2024-07-04,15:22:00,24368.0,24370.5,24364.2,24365.0,5750
NIFTY24JULFUT,2024-07-04,15:23:00,24365.3,24367.8,24365.2,24366.4,5700
NIFTY24JULFUT,2024-07-04,15:24:00,24366.4,24370.3,24365.9,24370.2,4400
NIFTY24JULFUT,2024-07-04,15:25:00,24370.5,24371.7,24370.0,24371.0,4850
NIFTY24JULFUT,2024-07-04,15:26:00,24371.0,24372.0,24370.0,24371.4,11950
NIFTY24JULFUT,2024-07-04,15:27:00,24371.0,24375.2,24370.0,24373.0,7325
NIFTY24JULFUT,2024-07-04,15:28:00,24374.9,24376.0,24371.2,24374.4,6050
NIFTY24JULFUT,2024-07-04,15:29:00,24377.0,24379.2,24375.0,24378.8,7550
NIFTY24JULFUT,2024-07-04,15:30:00,24375.2,24375.2,24375.2,24375.2,50
