entry_time,exit_time,entry_price,exit_price,pnl,trades_per_day
2021-01-04 10:05:00,2021-01-04 10:20:00,14102.85,14099.65,-3.2,1
2021-01-04 11:55:00,2021-01-04 13:30:00,14057.0,14103.8,46.8,2
2021-01-05 09:30:00,2021-01-05 09:35:00,14097.15,14087.25,-9.9,1
2021-01-05 11:00:00,2021-01-05 13:20:00,14098.35,14120.3,21.95,2
2021-01-06 09:30:00,2021-01-06 10:05:00,14190.2,14196.05,5.85,1
2021-01-06 10:30:00,2021-01-06 10:45:00,14194.55,14202.85,8.3,2
2021-01-06 11:00:00,2021-01-06 11:50:00,14207.95,14194.3,-13.65,3
2021-01-06 12:40:00,2021-01-06 13:20:00,14214.8,14201.6,-13.2,4
2021-01-07 09:30:00,2021-01-07 10:25:00,14220.55,14194.65,-25.9,1
2021-01-07 11:50:00,2021-01-07 12:15:00,14187.45,14194.45,7.0,2
2021-01-07 12:25:00,2021-01-07 13:30:00,14194.65,14208.3,13.65,3
2021-01-08 09:30:00,2021-01-08 11:35:00,14245.85,14281.3,35.45,1
2021-01-08 11:50:00,2021-01-08 13:30:00,14285.6,14288.7,3.1,2
2021-01-11 09:30:00,2021-01-11 10:30:00,14440.2,14389.9,-50.3,1
2021-01-11 11:15:00,2021-01-11 11:50:00,14429.85,14409.5,-20.35,2
2021-01-11 12:35:00,2021-01-11 13:10:00,14425.35,14415.4,-9.95,3
2021-01-11 13:15:00,2021-01-11 13:30:00,14422.9,14444.1,21.2,4
2021-01-12 09:30:00,2021-01-12 10:00:00,14460.0,14451.7,-8.3,1
2021-01-12 11:00:00,2021-01-12 13:30:00,14449.8,14552.85,103.05,2
2021-01-13 09:30:00,2021-01-13 10:30:00,14605.8,14617.4,11.6,1
2021-01-13 12:50:00,2021-01-13 13:30:00,14593.75,14571.5,-22.25,2
2021-01-14 09:30:00,2021-01-14 09:35:00,14512.95,14507.95,-5.0,1
2021-01-14 10:35:00,2021-01-14 12:20:00,14530.85,14571.95,41.1,2
2021-01-14 12:40:00,2021-01-14 13:15:00,14575.1,14576.85,1.75,3
2021-01-15 12:10:00,2021-01-15 13:30:00,14501.0,14530.9,29.9,1
2021-01-18 11:20:00,2021-01-18 11:40:00,14329.15,14311.65,-17.5,1
2021-01-18 11:45:00,2021-01-18 11:55:00,14287.15,14302.95,15.8,2
2021-01-18 12:40:00,2021-01-18 13:30:00,14308.45,14277.5,-30.95,3
2021-01-19 09:30:00,2021-01-19 11:35:00,14394.45,14454.3,59.85,1
2021-01-19 12:00:00,2021-01-19 12:55:00,14476.4,14472.15,-4.25,2
2021-01-19 13:05:00,2021-01-19 13:30:00,14492.3,14492.25,-0.05,3
2021-01-20 10:25:00,2021-01-20 11:55:00,14575.45,14606.9,31.45,1
2021-01-20 13:15:00,2021-01-20 13:30:00,14610.5,14613.35,2.85,2
2021-01-25 10:35:00,2021-01-25 10:40:00,14423.25,14407.6,-15.65,1
2021-01-25 10:45:00,2021-01-25 11:20:00,14367.6,14371.7,4.1,2
2021-01-25 12:40:00,2021-01-25 12:45:00,14397.1,14392.8,-4.3,3
2021-01-25 12:50:00,2021-01-25 13:30:00,14376.25,14402.25,26.0,4
2021-01-27 11:20:00,2021-01-27 11:35:00,14155.45,14155.85,0.4,1
2021-01-27 11:40:00,2021-01-27 11:45:00,14118.2,14120.65,2.45,2
2021-01-27 11:50:00,2021-01-27 11:55:00,14105.7,14109.65,3.95,3
2021-01-28 10:20:00,2021-01-28 10:25:00,13880.65,13854.1,-26.55,1
2021-01-28 10:30:00,2021-01-28 10:35:00,13831.6,13843.6,12.0,2
2021-01-28 11:30:00,2021-01-28 11:50:00,13839.35,13829.45,-9.9,3
2021-01-29 09:30:00,2021-01-29 09:35:00,13908.25,13869.2,-39.05,1
2021-01-29 09:40:00,2021-01-29 10:20:00,13870.1,13867.85,-2.25,2
2021-01-29 11:25:00,2021-01-29 11:40:00,13865.9,13832.85,-33.05,3
2021-01-29 11:45:00,2021-01-29 11:55:00,13815.85,13825.2,9.35,4
2021-01-29 12:50:00,2021-01-29 13:15:00,13813.85,13776.0,-37.85,5
2021-02-01 09:50:00,2021-02-01 12:35:00,13694.8,13859.7,164.9,1
2021-02-01 13:00:00,2021-02-01 13:10:00,14105.15,14050.7,-54.45,2
2021-02-01 13:15:00,2021-02-01 13:30:00,14062.85,14161.7,98.85,3
2021-02-02 09:30:00,2021-02-02 10:35:00,14631.05,14606.3,-24.75,1
2021-02-02 11:30:00,2021-02-02 11:45:00,14606.55,14541.3,-65.25,2
2021-02-02 11:50:00,2021-02-02 11:55:00,14527.5,14547.9,20.4,3
2021-02-02 12:35:00,2021-02-02 13:30:00,14579.1,14616.05,36.95,4
2021-02-03 09:35:00,2021-02-03 13:30:00,14684.05,14847.4,163.35,1
2021-02-04 11:05:00,2021-02-04 13:20:00,14770.6,14843.0,72.4,1
2021-02-05 09:30:00,2021-02-05 10:20:00,14955.2,14924.0,-31.2,1
2021-02-05 11:35:00,2021-02-05 12:40:00,14963.4,14944.75,-18.65,2
2021-02-08 09:30:00,2021-02-08 11:30:00,15095.55,15102.65,7.1,1
2021-02-08 13:10:00,2021-02-08 13:30:00,15106.55,15106.1,-0.45,2
2021-02-09 09:30:00,2021-02-09 10:25:00,15157.2,15156.6,-0.6,1
2021-02-09 10:30:00,2021-02-09 12:15:00,15175.4,15207.7,32.3,2
2021-02-09 12:55:00,2021-02-09 13:30:00,15224.1,15225.15,1.05,3
2021-02-10 09:50:00,2021-02-10 09:55:00,15125.2,15125.05,-0.15,1
2021-02-10 10:00:00,2021-02-10 10:05:00,15092.0,15086.6,-5.4,2
2021-02-10 11:20:00,2021-02-10 12:55:00,15065.3,15081.35,16.05,3
2021-02-11 09:30:00,2021-02-11 10:55:00,15098.55,15148.55,50.0,1
2021-02-11 11:00:00,2021-02-11 11:10:00,15144.55,15136.05,-8.5,2
2021-02-11 12:35:00,2021-02-11 12:55:00,15154.25,15120.75,-33.5,3
2021-02-11 13:00:00,2021-02-11 13:20:00,15128.2,15115.0,-13.2,4
2021-02-12 09:30:00,2021-02-12 10:05:00,15181.6,15179.55,-2.05,1
2021-02-12 10:30:00,2021-02-12 10:35:00,15186.55,15192.45,5.9,2
2021-02-12 10:45:00,2021-02-12 11:55:00,15218.0,15209.45,-8.55,3
2021-02-12 13:00:00,2021-02-12 13:30:00,15217.7,15212.1,-5.6,4
2021-02-15 09:30:00,2021-02-15 09:45:00,15295.55,15275.55,-20.0,1
2021-02-15 09:50:00,2021-02-15 10:25:00,15278.0,15284.85,6.85,2
2021-02-15 10:35:00,2021-02-15 12:00:00,15292.1,15306.4,14.3,3
2021-02-15 12:10:00,2021-02-15 12:15:00,15294.8,15301.5,6.7,4
2021-02-15 12:50:00,2021-02-15 13:30:00,15301.5,15297.4,-4.1,5
2021-02-16 09:30:00,2021-02-16 09:50:00,15414.95,15412.45,-2.5,1
2021-02-16 09:55:00,2021-02-16 10:20:00,15399.8,15395.15,-4.65,2
2021-02-16 10:50:00,2021-02-16 11:10:00,15414.65,15394.9,-19.75,3
2021-02-16 11:15:00,2021-02-16 11:25:00,15386.5,15368.45,-18.05,4
2021-02-17 10:40:00,2021-02-17 12:05:00,15233.05,15288.0,54.95,1
2021-02-17 12:25:00,2021-02-17 12:50:00,15297.2,15284.3,-12.9,2
2021-02-17 12:55:00,2021-02-17 13:00:00,15259.5,15233.85,-25.65,3
2021-02-18 09:55:00,2021-02-18 10:25:00,15212.05,15227.25,15.2,1
2021-02-18 10:30:00,2021-02-18 11:15:00,15237.15,15216.1,-21.05,2
2021-02-18 13:25:00,2021-02-18 13:30:00,15109.05,15083.4,-25.65,3
2021-02-19 10:15:00,2021-02-19 10:50:00,15111.35,15100.6,-10.75,1
2021-02-19 10:55:00,2021-02-19 11:15:00,15072.5,15055.05,-17.45,2
2021-02-19 11:55:00,2021-02-19 12:30:00,15093.8,15067.8,-26.0,3
2021-02-19 13:25:00,2021-02-19 13:30:00,15064.1,15039.1,-25.0,4
2021-02-22 09:30:00,2021-02-22 09:35:00,14989.65,14991.75,2.1,1
2021-02-22 09:40:00,2021-02-22 09:50:00,14983.1,14967.7,-15.4,2
2021-02-23 09:50:00,2021-02-23 11:30:00,14676.3,14800.15,123.85,1
2021-02-23 13:15:00,2021-02-23 13:20:00,14799.35,14758.1,-41.25,2
2021-02-23 13:25:00,2021-02-23 13:30:00,14762.8,14792.65,29.85,3
2021-02-24 09:30:00,2021-02-24 11:00:00,14764.25,14790.9,26.65,1
2021-02-24 11:20:00,2021-02-24 11:35:00,14817.75,14795.1,-22.65,2
2021-02-24 11:40:00,2021-02-24 12:00:00,14753.45,,,3
2021-02-25 10:05:00,2021-02-25 10:10:00,15143.6,15132.6,-11.0,1
2021-02-25 11:05:00,2021-02-25 11:35:00,15142.0,15119.5,-22.5,2
2021-02-25 12:45:00,2021-02-25 13:30:00,15121.2,15135.25,14.05,3
2021-02-26 13:25:00,2021-02-26 13:30:00,14617.55,14594.85,-22.7,1
2021-03-01 09:40:00,2021-03-01 11:30:00,14737.9,14742.85,4.95,1
2021-03-01 13:15:00,2021-03-01 13:30:00,14750.7,14768.9,18.2,2
2021-03-02 09:30:00,2021-03-02 10:55:00,14895.6,14857.05,-38.55,1
2021-03-02 12:10:00,2021-03-02 12:40:00,14816.95,14828.15,11.2,2
2021-03-03 09:30:00,2021-03-03 13:30:00,15041.5,15144.5,103.0,1
2021-03-04 10:35:00,2021-03-04 13:30:00,15073.05,15157.85,84.8,1
2021-03-05 10:15:00,2021-03-05 10:25:00,15040.65,14998.1,-42.55,1
2021-03-05 10:30:00,2021-03-05 10:45:00,15007.45,14987.1,-20.35,2
2021-03-05 11:40:00,2021-03-05 12:05:00,15021.75,14982.95,-38.8,3
2021-03-05 12:10:00,2021-03-05 12:20:00,14991.9,15009.2,17.3,4
2021-03-05 12:45:00,2021-03-05 13:25:00,15022.35,15008.9,-13.45,5
2021-03-08 09:30:00,2021-03-08 10:40:00,15042.8,15051.8,9.0,1
2021-03-08 10:45:00,2021-03-08 10:50:00,14974.7,14997.7,23.0,2
2021-03-08 11:40:00,2021-03-08 12:15:00,15035.55,15013.65,-21.9,3
2021-03-09 09:30:00,2021-03-09 09:45:00,15102.5,15089.4,-13.1,1
2021-03-09 09:50:00,2021-03-09 10:25:00,15061.9,15064.95,3.05,2
2021-03-09 11:30:00,2021-03-09 12:20:00,15076.15,15041.45,-34.7,3
2021-03-10 09:30:00,2021-03-10 10:25:00,15183.35,15180.1,-3.25,1
2021-03-10 10:30:00,2021-03-10 10:40:00,15164.15,15160.8,-3.35,2
2021-03-10 12:55:00,2021-03-10 13:30:00,15156.1,15157.35,1.25,3
2021-03-12 09:30:00,2021-03-12 10:25:00,15319.25,15292.65,-26.6,1
2021-03-12 11:55:00,2021-03-12 12:20:00,15291.85,15268.05,-23.8,2
2021-03-15 10:35:00,2021-03-15 11:00:00,14875.45,14840.85,-34.6,1
2021-03-15 12:05:00,2021-03-15 12:30:00,14843.75,14807.45,-36.3,2
2021-03-15 12:35:00,2021-03-15 12:45:00,14790.0,14785.65,-4.35,3
2021-03-16 09:30:00,2021-03-16 10:25:00,14985.6,15000.25,14.65,1
2021-03-16 10:30:00,2021-03-16 11:25:00,15047.35,15019.35,-28.0,2
2021-03-16 12:30:00,2021-03-16 12:55:00,14989.4,15002.75,13.35,3
2021-03-16 13:00:00,2021-03-16 13:05:00,14992.1,15016.8,24.7,4
2021-03-17 11:20:00,2021-03-17 12:20:00,14898.75,14877.05,-21.7,1
2021-03-18 09:40:00,2021-03-18 10:25:00,14846.15,14801.95,-44.2,1
2021-03-18 12:10:00,2021-03-18 13:00:00,14807.4,14766.65,-40.75,2
2021-03-19 10:20:00,2021-03-19 11:50:00,14469.5,14541.5,72.0,1
2021-03-19 12:40:00,2021-03-19 13:30:00,14581.2,14593.7,12.5,2
2021-03-22 10:10:00,2021-03-22 10:20:00,14741.95,14720.5,-21.45,1
2021-03-22 10:25:00,2021-03-22 10:40:00,14705.1,14700.9,-4.2,2
2021-03-22 11:50:00,2021-03-22 12:15:00,14698.6,14676.5,-22.1,3
2021-03-22 12:20:00,2021-03-22 12:35:00,14653.15,14631.45,-21.7,4
2021-03-23 09:30:00,2021-03-23 09:40:00,14827.7,14817.35,-10.35,1
2021-03-23 09:45:00,2021-03-23 10:15:00,14798.3,14783.35,-14.95,2
2021-03-23 11:05:00,2021-03-23 11:25:00,14829.2,14811.55,-17.65,3
2021-03-23 11:30:00,2021-03-23 11:35:00,14792.35,14750.35,-42.0,4
2021-03-23 11:40:00,2021-03-23 11:45:00,14745.65,14741.35,-4.3,5
2021-03-23 12:35:00,2021-03-23 13:30:00,14776.85,14798.55,21.7,6
2021-03-24 12:15:00,2021-03-24 12:55:00,14633.7,14625.1,-8.6,1
2021-03-24 13:00:00,2021-03-24 13:15:00,14621.65,14616.35,-5.3,2
2021-03-26 09:35:00,2021-03-26 11:15:00,14499.1,14497.45,-1.65,1
2021-03-26 11:40:00,2021-03-26 12:40:00,14564.45,14570.05,5.6,2
2021-03-26 13:10:00,2021-03-26 13:30:00,14543.95,14560.9,16.95,3
2021-03-30 09:30:00,2021-03-30 12:10:00,14690.95,14724.4,33.45,1
2021-03-30 13:00:00,2021-03-30 13:30:00,14744.5,14777.8,33.3,2
2021-03-31 11:25:00,2021-03-31 12:00:00,14733.85,14726.0,-7.85,1
2021-03-31 12:25:00,2021-03-31 13:25:00,14737.1,14700.95,-36.15,2
2021-04-01 09:30:00,2021-04-01 10:20:00,14789.7,14768.35,-21.35,1
2021-04-01 11:50:00,2021-04-01 13:30:00,14718.9,14813.35,94.45,2
2021-04-05 12:05:00,2021-04-05 13:30:00,14523.6,14608.3,84.7,1
2021-04-06 09:35:00,2021-04-06 10:35:00,14713.15,14711.1,-2.05,1
2021-04-06 11:05:00,2021-04-06 12:05:00,14738.7,14727.95,-10.75,2
2021-04-07 09:30:00,2021-04-07 12:10:00,14739.55,14852.6,113.05,1
2021-04-07 12:45:00,2021-04-07 13:30:00,14847.15,14817.0,-30.15,2
2021-04-08 09:30:00,2021-04-08 11:35:00,14927.05,14944.6,17.55,1
2021-04-08 12:50:00,2021-04-08 13:30:00,14938.15,14954.35,16.2,2
2021-04-09 10:10:00,2021-04-09 11:00:00,14908.2,14875.8,-32.4,1
2021-04-09 12:05:00,2021-04-09 12:45:00,14855.65,14878.05,22.4,2
2021-04-09 12:55:00,2021-04-09 13:25:00,14857.15,14865.2,8.05,3
2021-04-12 11:25:00,2021-04-12 11:35:00,14420.1,14383.85,-36.25,1
2021-04-12 13:00:00,2021-04-12 13:25:00,14341.45,14312.15,-29.3,2
2021-04-13 09:30:00,2021-04-13 10:50:00,14365.85,14379.8,13.95,1
2021-04-13 12:35:00,2021-04-13 13:30:00,14358.5,14337.2,-21.3,2
2021-04-15 09:30:00,2021-04-15 09:35:00,14563.1,14490.75,-72.35,1
2021-04-15 09:40:00,2021-04-15 10:00:00,14461.6,14483.35,21.75,2
2021-04-15 12:00:00,2021-04-15 13:30:00,14415.0,14427.3,12.3,3
2021-04-16 09:30:00,2021-04-16 11:30:00,14625.55,14681.7,56.15,1
2021-04-16 11:40:00,2021-04-16 12:00:00,14675.1,14647.15,-27.95,2
2021-04-16 12:50:00,2021-04-16 13:30:00,14672.9,14650.3,-22.6,3
2021-04-19 10:30:00,2021-04-19 11:35:00,14280.9,14253.5,-27.4,1
2021-04-19 12:25:00,2021-04-19 12:50:00,14268.1,14269.9,1.8,2
2021-04-19 13:00:00,2021-04-19 13:30:00,14303.55,14331.15,27.6,3
2021-04-20 09:30:00,2021-04-20 09:55:00,14503.0,14466.9,-36.1,1
2021-04-20 10:00:00,2021-04-20 10:20:00,14464.2,14459.6,-4.6,2
2021-04-20 13:25:00,2021-04-20 13:30:00,14390.1,14370.95,-19.15,3
2021-04-22 10:15:00,2021-04-22 11:25:00,14229.95,14246.8,16.85,1
2021-04-22 11:45:00,2021-04-22 13:30:00,14309.45,14319.95,10.5,2
2021-04-23 10:25:00,2021-04-23 12:10:00,14398.25,14427.5,29.25,1
2021-04-23 13:20:00,2021-04-23 13:30:00,14404.2,14412.35,8.15,2
2021-04-26 09:30:00,2021-04-26 10:45:00,14508.3,14513.55,5.25,1
2021-04-26 11:35:00,2021-04-26 11:55:00,14512.05,14516.5,4.45,2
2021-04-26 13:20:00,2021-04-26 13:30:00,14489.95,14490.2,0.25,3
2021-04-28 09:30:00,2021-04-28 13:30:00,14743.1,14844.7,101.6,1
2021-04-29 09:30:00,2021-04-29 09:45:00,15016.75,15011.65,-5.1,1
2021-04-29 09:50:00,2021-04-29 09:55:00,14948.8,14920.9,-27.9,2
2021-04-29 10:00:00,2021-04-29 10:20:00,14912.95,14929.55,16.6,3
2021-04-29 11:45:00,2021-04-29 13:30:00,14893.55,14939.95,46.4,4
2021-04-30 10:15:00,2021-04-30 10:35:00,14801.65,14823.05,21.4,1
2021-04-30 11:05:00,2021-04-30 11:35:00,14814.8,14798.1,-16.7,2
2021-04-30 12:30:00,2021-04-30 13:15:00,14804.8,14782.2,-22.6,3
2021-05-03 10:20:00,2021-05-03 11:35:00,14523.5,14539.15,15.65,1
2021-05-03 12:10:00,2021-05-03 13:00:00,14569.45,14585.55,16.1,2
2021-05-03 13:10:00,2021-05-03 13:30:00,14577.8,14551.75,-26.05,3
2021-05-04 09:50:00,2021-05-04 10:10:00,14636.25,14660.4,24.15,1
2021-05-04 10:40:00,2021-05-04 12:30:00,14657.35,14697.15,39.8,2
2021-05-05 09:30:00,2021-05-05 10:35:00,14564.1,14574.1,10.0,1
2021-05-05 10:50:00,2021-05-05 11:30:00,14583.1,14567.3,-15.8,2
2021-05-05 12:10:00,2021-05-05 13:30:00,14574.1,14611.8,37.7,3
2021-05-06 09:30:00,2021-05-06 10:25:00,14651.3,14628.25,-23.05,1
2021-05-06 11:15:00,2021-05-06 11:45:00,14635.4,14649.4,14.0,2
2021-05-06 12:10:00,2021-05-06 13:30:00,14672.1,14700.9,28.8,3
2021-05-07 09:30:00,2021-05-07 10:25:00,14850.8,14837.15,-13.65,1
2021-05-07 11:40:00,2021-05-07 12:20:00,14835.3,14791.75,-43.55,2
2021-05-07 13:15:00,2021-05-07 13:30:00,14778.05,14792.2,14.15,3
2021-05-10 09:30:00,2021-05-10 10:25:00,14932.15,14926.45,-5.7,1
2021-05-10 10:40:00,2021-05-10 12:25:00,14937.05,14940.4,3.35,2
2021-05-10 12:45:00,2021-05-10 13:30:00,14961.5,14938.85,-22.65,3
2021-05-11 10:25:00,2021-05-11 10:55:00,14835.2,14836.75,1.55,1
2021-05-11 11:15:00,2021-05-11 12:55:00,14838.8,14859.4,20.6,2
2021-05-12 11:20:00,2021-05-12 11:35:00,14709.95,14724.6,14.65,1
2021-05-12 12:05:00,2021-05-12 13:30:00,14733.55,14764.75,31.2,2
2021-05-14 10:15:00,2021-05-14 10:55:00,14688.0,14693.8,5.8,1
2021-05-14 12:50:00,2021-05-14 13:30:00,14666.25,14684.25,18.0,2
2021-05-17 09:30:00,2021-05-17 13:30:00,14737.5,14855.3,117.8,1
2021-05-18 09:30:00,2021-05-18 10:00:00,15125.4,15087.7,-37.7,1
2021-05-18 10:05:00,2021-05-18 10:25:00,15090.5,15082.3,-8.2,2
2021-05-18 10:55:00,2021-05-18 12:05:00,15108.8,15126.1,17.3,3
2021-05-18 12:35:00,2021-05-18 12:45:00,15121.85,15120.0,-1.85,4
2021-05-18 13:30:00,2021-05-18 13:35:00,15134.7,15137.65,2.9499999999989086,5
2021-05-19 10:10:00,2021-05-19 10:35:00,15118.7,15084.05,-34.65,1
2021-05-19 12:05:00,2021-05-19 13:00:00,15109.65,15091.95,-17.7,2
2021-05-20 10:25:00,2021-05-20 10:50:00,15016.9,15005.65,-11.25,1
2021-05-20 11:30:00,2021-05-20 12:30:00,15002.95,14984.2,-18.75,2
2021-05-20 13:25:00,2021-05-20 13:30:00,14977.25,14968.65,-8.6,3
2021-05-21 09:30:00,2021-05-21 12:05:00,15035.45,15122.75,87.3,1
2021-05-21 12:15:00,2021-05-21 12:20:00,15128.85,15127.0,-1.85,2
2021-05-24 09:30:00,2021-05-24 09:55:00,15200.9,15201.5,0.6,1
2021-05-24 10:50:00,2021-05-24 11:55:00,15209.1,15206.6,-2.5,2
2021-05-24 13:25:00,2021-05-24 13:30:00,15221.4,15219.7,-1.7,3
2021-05-25 09:40:00,2021-05-25 10:25:00,15276.55,15274.05,-2.5,1
2021-05-25 10:40:00,2021-05-25 10:45:00,15273.4,15264.2,-9.2,2
2021-05-25 11:55:00,2021-05-25 12:35:00,15259.55,15268.05,8.5,3
2021-05-26 09:30:00,2021-05-26 11:50:00,15219.0,15275.85,56.85,1
2021-05-26 12:25:00,2021-05-26 13:15:00,15297.9,15295.45,-2.45,2
2021-05-27 10:20:00,2021-05-27 12:35:00,15312.7,15348.7,36.0,1
2021-05-27 13:20:00,2021-05-27 13:30:00,15345.3,15351.7,6.4,2
2021-05-28 09:30:00,2021-05-28 10:30:00,15435.75,15437.6,1.85,1
2021-05-28 12:00:00,2021-05-28 13:00:00,15428.0,15426.65,-1.35,2
2021-05-28 13:30:00,2021-05-28 13:35:00,15420.65,15444.25,23.600000000000364,3
2021-05-31 09:50:00,2021-05-31 09:55:00,15450.4,15446.25,-4.15,1
2021-05-31 10:10:00,2021-05-31 13:30:00,15484.65,15533.85,49.2,2
2021-06-01 09:30:00,2021-06-01 10:15:00,15617.45,15583.45,-34.0,1
2021-06-01 12:30:00,2021-06-01 13:30:00,15559.75,15601.8,42.05,2
2021-06-02 11:05:00,2021-06-02 11:55:00,15508.45,15484.15,-24.3,1
2021-06-02 12:30:00,2021-06-02 13:10:00,15496.1,15480.65,-15.45,2
2021-06-03 09:30:00,2021-06-03 10:25:00,15661.15,15650.3,-10.85,1
2021-06-03 11:45:00,2021-06-03 12:35:00,15652.75,15646.2,-6.55,2
2021-06-04 09:30:00,2021-06-04 10:45:00,15701.45,15682.5,-18.95,1
2021-06-04 12:20:00,2021-06-04 13:25:00,15675.85,15661.45,-14.4,2
2021-06-07 09:30:00,2021-06-07 11:55:00,15702.6,15732.55,29.95,1
2021-06-07 13:30:00,2021-06-07 13:35:00,15745.05,15752.95,7.900000000001455,2
2021-06-08 10:50:00,2021-06-08 12:05:00,15709.55,15710.45,0.9,1
2021-06-08 12:10:00,2021-06-08 12:15:00,15707.5,15716.95,9.45,2
2021-06-08 12:55:00,2021-06-08 13:30:00,15720.2,15750.45,30.25,3
2021-06-09 09:50:00,2021-06-09 10:55:00,15758.2,15771.6,13.4,1
2021-06-09 11:15:00,2021-06-09 13:05:00,15770.05,15770.9,0.85,2
2021-06-10 09:30:00,2021-06-10 11:30:00,15677.55,15699.55,22.0,1
2021-06-10 11:55:00,2021-06-10 12:50:00,15706.85,15702.8,-4.05,2
2021-06-11 09:30:00,2021-06-11 10:35:00,15807.75,15818.65,10.9,1
2021-06-11 10:50:00,2021-06-11 10:55:00,15818.95,15819.2,0.25,2
2021-06-11 11:00:00,2021-06-11 11:25:00,15819.0,15804.65,-14.35,3
2021-06-11 13:10:00,2021-06-11 13:30:00,15781.5,15768.6,-12.9,4
2021-06-14 10:25:00,2021-06-14 11:05:00,15720.25,15701.6,-18.65,1
2021-06-14 11:55:00,2021-06-14 13:30:00,15717.65,15795.7,78.05,2
2021-06-15 09:30:00,2021-06-15 11:30:00,15868.3,15875.75,7.45,1
2021-06-15 11:40:00,2021-06-15 11:45:00,15874.3,15873.75,-0.55,2
2021-06-15 12:30:00,2021-06-15 13:15:00,15878.95,15878.2,-0.75,3
2021-06-16 11:55:00,2021-06-16 12:20:00,15800.85,15800.2,-0.65,1
2021-06-16 13:30:00,2021-06-16 13:35:00,15796.65,15791.0,-5.649999999999636,2
2021-06-17 10:20:00,2021-06-17 11:30:00,15726.05,15725.0,-1.05,1
2021-06-17 13:00:00,2021-06-17 13:30:00,15716.35,15702.85,-13.5,2
2021-06-18 09:30:00,2021-06-18 09:40:00,15713.2,15704.9,-8.3,1
2021-06-18 09:45:00,2021-06-18 09:50:00,15681.25,15668.25,-13.0,2
2021-06-18 11:45:00,2021-06-18 13:30:00,15557.3,15574.6,17.3,3
2021-06-21 10:25:00,2021-06-21 11:25:00,15586.65,15595.05,8.4,1
2021-06-21 12:00:00,2021-06-21 13:30:00,15610.2,15682.35,72.15,2
2021-06-22 09:30:00,2021-06-22 11:15:00,15840.8,15852.4,11.6,1
2021-06-22 12:15:00,2021-06-22 12:40:00,15855.1,15846.95,-8.15,2
2021-06-23 09:50:00,2021-06-23 10:10:00,15799.35,15780.45,-18.9,1
2021-06-23 11:10:00,2021-06-23 11:40:00,15776.3,15772.4,-3.9,2
2021-06-24 09:30:00,2021-06-24 10:30:00,15733.05,15738.6,5.55,1
2021-06-24 10:55:00,2021-06-24 11:40:00,15744.2,15735.6,-8.6,2
2021-06-24 12:20:00,2021-06-24 13:30:00,15777.15,15785.9,8.75,3
2021-06-25 09:30:00,2021-06-25 10:20:00,15815.45,15786.5,-28.95,1
2021-06-25 11:00:00,2021-06-25 13:30:00,15800.1,15836.4,36.3,2
2021-06-28 09:30:00,2021-06-28 10:15:00,15889.45,15857.15,-32.3,1
2021-06-28 11:45:00,2021-06-28 11:50:00,15834.95,15833.8,-1.15,2
2021-06-28 11:55:00,2021-06-28 12:15:00,15830.6,15824.8,-5.8,3
2021-06-28 12:55:00,2021-06-28 13:30:00,15832.4,15838.65,6.25,4
2021-06-29 11:30:00,2021-06-29 12:15:00,15769.4,15749.6,-19.8,1
2021-06-29 12:55:00,2021-06-29 13:30:00,15772.35,15797.45,25.1,2
2021-06-30 09:30:00,2021-06-30 11:40:00,15785.25,15820.3,35.05,1
2021-06-30 12:25:00,2021-06-30 13:00:00,15828.3,15826.65,-1.65,2
2021-07-01 11:35:00,2021-07-01 12:05:00,15694.35,15701.95,7.6,1
2021-07-01 12:20:00,2021-07-01 13:30:00,15701.05,15724.8,23.75,2
2021-07-02 10:30:00,2021-07-02 11:00:00,15674.8,15662.45,-12.35,1
2021-07-02 11:40:00,2021-07-02 13:30:00,15661.1,15699.5,38.4,2
2021-07-05 09:30:00,2021-07-05 11:55:00,15808.55,15823.0,14.45,1
2021-07-05 12:00:00,2021-07-05 12:25:00,15823.75,15803.25,-20.5,2
2021-07-05 13:25:00,2021-07-05 13:30:00,15811.3,15819.6,8.3,3
2021-07-06 09:30:00,2021-07-06 12:50:00,15843.1,15889.55,46.45,1
2021-07-07 10:05:00,2021-07-07 10:10:00,15808.6,15803.85,-4.75,1
2021-07-07 11:10:00,2021-07-07 11:15:00,15816.2,15821.15,4.95,2
2021-07-07 11:20:00,2021-07-07 12:55:00,15827.65,15829.75,2.1,3
2021-07-08 09:30:00,2021-07-08 09:55:00,15869.5,15845.1,-24.4,1
2021-07-08 11:25:00,2021-07-08 11:40:00,15840.85,15828.65,-12.2,2
2021-07-08 11:45:00,2021-07-08 11:50:00,15814.6,15816.45,1.85,3
2021-07-09 10:20:00,2021-07-09 11:25:00,15702.5,15676.8,-25.7,1
2021-07-09 12:20:00,2021-07-09 12:45:00,15685.3,15697.5,12.2,2
2021-07-09 12:50:00,2021-07-09 13:30:00,15706.9,15689.75,-17.15,3
2021-07-12 09:30:00,2021-07-12 11:25:00,15778.45,15784.2,5.75,1
2021-07-13 09:30:00,2021-07-13 10:45:00,15759.6,15764.35,4.75,1
2021-07-13 11:35:00,2021-07-13 13:00:00,15769.4,15800.3,30.9,2
2021-07-13 13:10:00,2021-07-13 13:30:00,15808.9,15807.8,-1.1,3
2021-07-14 09:30:00,2021-07-14 09:35:00,15780.6,15781.15,0.55,1
2021-07-14 10:35:00,2021-07-14 12:15:00,15795.0,15830.7,35.7,2
2021-07-14 12:25:00,2021-07-14 13:30:00,15833.0,15854.9,21.9,3
2021-07-15 09:30:00,2021-07-15 12:05:00,15880.45,15932.9,52.45,1
2021-07-15 12:30:00,2021-07-15 13:00:00,15933.2,15909.75,-23.45,2
2021-07-16 09:30:00,2021-07-16 10:15:00,15954.75,15926.3,-28.45,1
2021-07-16 11:10:00,2021-07-16 11:35:00,15930.55,15926.55,-4.0,2
2021-07-16 13:10:00,2021-07-16 13:30:00,15928.8,15921.55,-7.25,3
2021-07-19 10:25:00,2021-07-19 10:50:00,15819.9,15824.2,4.3,1
2021-07-19 11:10:00,2021-07-19 11:30:00,15822.85,15817.45,-5.4,2
2021-07-19 12:20:00,2021-07-19 12:25:00,15816.85,15814.95,-1.9,3
2021-07-20 09:30:00,2021-07-20 09:35:00,15683.2,15654.85,-28.35,1
2021-07-20 12:45:00,2021-07-20 13:30:00,15650.1,15658.05,7.95,2
2021-07-22 09:30:00,2021-07-22 13:00:00,15750.55,15807.5,56.95,1
2021-07-23 09:30:00,2021-07-23 09:35:00,15822.85,15789.2,-33.65,1
2021-07-23 09:40:00,2021-07-23 09:55:00,15789.05,15826.15,37.1,2
2021-07-23 10:30:00,2021-07-23 10:35:00,15837.0,15832.5,-4.5,3
2021-07-23 10:40:00,2021-07-23 11:00:00,15811.65,15821.95,10.3,4
2021-07-23 11:40:00,2021-07-23 13:30:00,15821.3,15859.8,38.5,5
2021-07-26 10:05:00,2021-07-26 11:35:00,15862.9,15856.2,-6.7,1
2021-07-26 12:45:00,2021-07-26 13:25:00,15847.15,15844.4,-2.75,2
2021-07-27 09:30:00,2021-07-27 11:00:00,15863.4,15850.65,-12.75,1
2021-07-28 11:40:00,2021-07-28 13:30:00,15568.6,15673.25,104.65,1
2021-07-29 09:30:00,2021-07-29 12:05:00,15743.3,15784.65,41.35,1
2021-07-29 12:55:00,2021-07-29 13:30:00,15788.3,15799.5,11.2,2
2021-07-30 09:40:00,2021-07-30 10:45:00,15790.95,15790.3,-0.65,1
2021-07-30 11:40:00,2021-07-30 13:00:00,15790.8,15796.4,5.6,2
2021-07-30 13:25:00,2021-07-30 13:30:00,15798.9,15795.35,-3.55,3
2021-08-02 09:30:00,2021-08-02 10:25:00,15854.75,15850.9,-3.85,1
2021-08-02 10:50:00,2021-08-02 13:30:00,15861.9,15859.8,-2.1,2
2021-08-03 09:30:00,2021-08-03 13:30:00,15903.45,16008.05,104.6,1
2021-08-04 09:30:00,2021-08-04 11:20:00,16230.15,16241.65,11.5,1
2021-08-04 12:35:00,2021-08-04 13:05:00,16238.25,16215.8,-22.45,2
2021-08-05 10:20:00,2021-08-05 10:25:00,16237.75,16227.15,-10.6,1
2021-08-05 11:15:00,2021-08-05 13:30:00,16231.4,16323.1,91.7,2
2021-08-06 09:55:00,2021-08-06 10:20:00,16280.55,16312.4,31.85,1
2021-08-06 11:40:00,2021-08-06 12:05:00,16249.15,16275.55,26.4,2
2021-08-06 12:25:00,2021-08-06 12:55:00,16272.1,16259.9,-12.2,3
2021-08-09 09:30:00,2021-08-09 10:45:00,16278.35,16280.6,2.25,1
2021-08-09 13:15:00,2021-08-09 13:25:00,16238.55,16230.95,-7.6,2
2021-08-10 09:30:00,2021-08-10 10:40:00,16301.9,16302.65,0.75,1
2021-08-10 10:50:00,2021-08-10 12:40:00,16303.5,16333.95,30.45,2
2021-08-11 09:30:00,2021-08-11 09:35:00,16310.0,16297.15,-12.85,1
2021-08-11 09:40:00,2021-08-11 10:05:00,16259.4,16234.0,-25.4,2
2021-08-11 12:35:00,2021-08-11 13:30:00,16230.4,16247.2,16.8,3
2021-08-12 09:30:00,2021-08-12 11:25:00,16300.95,16324.75,23.8,1
2021-08-12 11:35:00,2021-08-12 13:30:00,16321.0,16369.9,48.9,2
2021-08-13 09:30:00,2021-08-13 13:25:00,16418.35,16475.5,57.15,1
2021-08-16 10:25:00,2021-08-16 12:10:00,16524.1,16541.35,17.25,1
2021-08-16 12:50:00,2021-08-16 13:30:00,16559.65,16555.9,-3.75,2
2021-08-17 10:45:00,2021-08-17 11:55:00,16565.2,16548.0,-17.2,1
2021-08-18 09:30:00,2021-08-18 09:35:00,16678.35,16668.05,-10.3,1
2021-08-18 09:40:00,2021-08-18 11:15:00,16663.55,16671.55,8.0,2
2021-08-20 10:25:00,2021-08-20 10:30:00,16447.65,16438.95,-8.7,1
2021-08-20 11:40:00,2021-08-20 12:55:00,16463.8,16432.35,-31.45,2
2021-08-23 09:30:00,2021-08-23 09:50:00,16536.05,16542.2,6.15,1
2021-08-23 09:55:00,2021-08-23 10:20:00,16511.85,16505.1,-6.75,2
2021-08-23 11:35:00,2021-08-23 13:00:00,16478.95,16484.15,5.2,3
2021-08-24 09:30:00,2021-08-24 09:50:00,16544.05,16530.45,-13.6,1
2021-08-24 09:55:00,2021-08-24 10:20:00,16509.25,16537.3,28.05,2
2021-08-24 10:50:00,2021-08-24 11:25:00,16526.0,16538.4,12.4,3
2021-08-24 11:30:00,2021-08-24 13:30:00,16543.25,16578.5,35.25,4
2021-08-25 09:30:00,2021-08-25 09:40:00,16687.2,16674.15,-13.05,1
2021-08-25 09:45:00,2021-08-25 10:25:00,16651.45,16669.2,17.75,2
2021-08-25 10:30:00,2021-08-25 11:35:00,16674.4,16669.95,-4.45,3
2021-08-25 12:40:00,2021-08-25 13:20:00,16663.1,16665.65,2.55,4
2021-08-26 09:35:00,2021-08-26 11:10:00,16636.55,16660.05,23.5,1
2021-08-26 11:55:00,2021-08-26 12:00:00,16657.45,16653.75,-3.7,2
2021-08-27 09:30:00,2021-08-27 09:45:00,16580.65,16600.4,19.75,1
2021-08-27 10:20:00,2021-08-27 13:30:00,16629.05,16697.1,68.05,2
2021-08-30 09:30:00,2021-08-30 11:30:00,16814.25,16846.55,32.3,1
2021-08-30 12:30:00,2021-08-30 13:30:00,16849.2,16881.3,32.1,2
2021-08-31 09:30:00,2021-08-31 09:35:00,16952.35,16920.45,-31.9,1
2021-08-31 09:40:00,2021-08-31 10:10:00,16927.25,16942.95,15.7,2
2021-08-31 10:30:00,2021-08-31 11:30:00,16959.45,16955.2,-4.25,3
2021-08-31 11:55:00,2021-08-31 13:30:00,16978.5,17006.0,27.5,4
2021-09-01 09:30:00,2021-09-01 10:45:00,17172.9,17159.1,-13.8,1
2021-09-01 12:55:00,2021-09-01 13:30:00,17122.35,17114.35,-8.0,2
2021-09-02 09:40:00,2021-09-02 13:30:00,17102.65,17178.65,76.0,1
2021-09-03 09:30:00,2021-09-03 10:40:00,17278.6,17270.85,-7.75,1
2021-09-03 10:45:00,2021-09-03 10:50:00,17241.95,17255.5,13.55,2
2021-09-03 12:10:00,2021-09-03 13:30:00,17268.7,17294.25,25.55,3
2021-09-06 09:30:00,2021-09-06 10:20:00,17406.0,17381.65,-24.35,1
2021-09-06 11:25:00,2021-09-06 11:50:00,17379.55,17374.8,-4.75,2
2021-09-06 12:25:00,2021-09-06 12:55:00,17369.0,17381.55,12.55,3
2021-09-06 13:00:00,2021-09-06 13:30:00,17374.35,17392.6,18.25,4
2021-09-07 11:05:00,2021-09-07 11:35:00,17316.45,17334.6,18.15,1
2021-09-07 11:45:00,2021-09-07 13:30:00,17327.9,17422.35,94.45,2
2021-09-08 10:50:00,2021-09-08 11:40:00,17366.85,17359.6,-7.25,1
2021-09-08 12:10:00,2021-09-08 12:20:00,17371.7,17348.55,-23.15,2
2021-09-08 12:25:00,2021-09-08 12:30:00,17343.2,17322.95,-20.25,3
2021-09-09 09:30:00,2021-09-09 09:40:00,17321.65,17307.8,-13.85,1
2021-09-09 10:30:00,2021-09-09 11:35:00,17334.9,17345.1,10.2,2
2021-09-09 13:30:00,2021-09-09 13:35:00,17338.65,17334.8,-3.850000000002183,3
2021-09-13 09:30:00,2021-09-13 09:40:00,17302.5,17312.8,10.3,1
2021-09-13 11:00:00,2021-09-13 13:30:00,17308.15,17357.15,49.0,2
2021-09-14 09:30:00,2021-09-14 10:25:00,17421.45,17414.55,-6.9,1
2021-09-14 10:45:00,2021-09-14 11:25:00,17423.9,17413.4,-10.5,2
2021-09-14 12:30:00,2021-09-14 12:40:00,17413.15,17414.55,1.4,3
2021-09-15 09:30:00,2021-09-15 11:20:00,17408.0,17447.75,39.75,1
2021-09-15 11:40:00,2021-09-15 13:30:00,17452.1,17493.95,41.85,2
2021-09-16 09:30:00,2021-09-16 09:50:00,17554.75,17549.4,-5.35,1
2021-09-16 09:55:00,2021-09-16 10:05:00,17526.35,17526.05,-0.3,2
2021-09-16 10:45:00,2021-09-16 11:10:00,17545.1,17535.3,-9.8,3
2021-09-16 12:00:00,2021-09-16 13:30:00,17553.95,17580.75,26.8,4
2021-09-17 09:30:00,2021-09-17 09:35:00,17739.05,17734.1,-4.95,1
2021-09-17 09:40:00,2021-09-17 11:25:00,17697.6,17737.2,39.6,2
2021-09-17 13:10:00,2021-09-17 13:15:00,17637.05,17658.45,21.4,3
2021-09-20 10:20:00,2021-09-20 11:55:00,17574.5,17558.5,-16.0,1
2021-09-20 13:10:00,2021-09-20 13:20:00,17534.25,17526.6,-7.65,2
2021-09-21 09:45:00,2021-09-21 09:55:00,17461.1,17451.25,-9.85,1
2021-09-21 10:00:00,2021-09-21 10:05:00,17411.95,17407.95,-4.0,2
2021-09-21 10:10:00,2021-09-21 10:25:00,17396.7,17394.3,-2.4,3
2021-09-21 12:00:00,2021-09-21 12:05:00,17424.75,17417.95,-6.8,4
2021-09-21 12:10:00,2021-09-21 13:30:00,17397.7,17481.35,83.65,5
2021-09-22 09:30:00,2021-09-22 09:55:00,17543.75,17575.5,31.75,1
2021-09-22 10:00:00,2021-09-22 10:05:00,17584.25,17591.15,6.9,2
2021-09-22 10:15:00,2021-09-22 10:25:00,17598.95,17582.45,-16.5,3
2021-09-22 10:30:00,2021-09-22 11:10:00,17575.65,17586.25,10.6,4
2021-09-22 11:20:00,2021-09-22 11:25:00,17554.0,17570.65,16.65,5
2021-09-22 12:15:00,2021-09-22 13:30:00,17576.0,17574.95,-1.05,6
2021-09-23 09:30:00,2021-09-23 12:00:00,17678.8,17736.15,57.35,1
2021-09-23 12:15:00,2021-09-23 13:20:00,17755.85,17757.95,2.1,2
2021-09-24 09:30:00,2021-09-24 09:55:00,17897.4,17875.65,-21.75,1
2021-09-24 10:00:00,2021-09-24 10:20:00,17876.55,17911.1,34.55,2
2021-09-24 10:45:00,2021-09-24 11:00:00,17935.0,17926.75,-8.25,3
2021-09-24 11:05:00,2021-09-24 11:20:00,17919.45,17913.75,-5.7,4
2021-09-27 09:30:00,2021-09-27 09:55:00,17920.8,17921.65,0.85,1
2021-09-27 10:00:00,2021-09-27 10:20:00,17885.35,17873.45,-11.9,2
2021-09-27 12:15:00,2021-09-27 13:30:00,17877.6,17899.2,21.6,3
2021-09-28 09:30:00,2021-09-28 09:45:00,17828.8,17850.5,21.7,1
2021-09-28 10:15:00,2021-09-28 10:20:00,17870.75,17853.95,-16.8,2
2021-09-28 10:25:00,2021-09-28 10:45:00,17844.2,17833.3,-10.9,3
2021-09-29 09:30:00,2021-09-29 09:40:00,17628.85,17637.2,8.35,1
2021-09-29 10:20:00,2021-09-29 10:25:00,17681.5,17668.4,-13.1,2
2021-09-29 10:30:00,2021-09-29 10:40:00,17651.85,17643.85,-8.0,3
2021-09-29 11:35:00,2021-09-29 12:40:00,17651.15,17655.5,4.35,4
2021-09-29 13:05:00,2021-09-29 13:30:00,17669.85,17733.0,63.15,5
2021-09-30 10:15:00,2021-09-30 10:20:00,17700.15,17682.15,-18.0,1
2021-09-30 10:25:00,2021-09-30 10:40:00,17674.45,17690.95,16.5,2
2021-09-30 11:10:00,2021-09-30 12:35:00,17684.95,17650.8,-34.15,3
2021-10-01 10:40:00,2021-10-01 11:40:00,17512.5,17512.55,0.05,1
2021-10-01 12:55:00,2021-10-01 13:30:00,17482.6,17498.85,16.25,2
2021-10-04 09:30:00,2021-10-04 11:35:00,17603.1,17711.85,108.75,1
2021-10-04 13:20:00,2021-10-04 13:30:00,17694.85,17706.75,11.9,2
2021-10-05 10:30:00,2021-10-05 11:20:00,17692.5,17690.3,-2.2,1
2021-10-05 11:40:00,2021-10-05 11:45:00,17685.75,17686.05,0.3,2
2021-10-05 11:50:00,2021-10-05 12:20:00,17681.7,17689.65,7.95,3
2021-10-05 12:30:00,2021-10-05 13:30:00,17692.75,17766.65,73.9,4
2021-10-06 09:30:00,2021-10-06 09:35:00,17858.05,17853.05,-5.0,1
2021-10-06 09:40:00,2021-10-06 09:45:00,17845.25,17837.35,-7.9,2
2021-10-06 09:50:00,2021-10-06 10:10:00,17828.0,17844.5,16.5,3
2021-10-06 11:15:00,2021-10-06 11:45:00,17821.85,17831.45,9.6,4
2021-10-06 11:50:00,2021-10-06 12:45:00,17831.65,17826.55,-5.1,5
2021-10-06 12:50:00,2021-10-06 12:55:00,17815.2,17816.55,1.35,6
2021-10-07 09:30:00,2021-10-07 10:35:00,17808.4,17814.8,6.4,1
2021-10-07 10:50:00,2021-10-07 11:40:00,17811.65,17812.55,0.9,2
2021-10-07 11:45:00,2021-10-07 13:00:00,17833.35,17848.8,15.45,3
2021-10-07 13:10:00,2021-10-07 13:25:00,17847.95,17848.2,0.25,4
2021-10-08 09:30:00,2021-10-08 09:35:00,17862.8,17858.65,-4.15,1
2021-10-08 09:40:00,2021-10-08 11:25:00,17846.1,17902.9,56.8,2
2021-10-08 12:00:00,2021-10-08 12:05:00,17899.9,17903.15,3.25,3
2021-10-08 13:15:00,2021-10-08 13:30:00,17880.45,17902.5,22.05,4
2021-10-11 09:40:00,2021-10-11 12:10:00,17932.2,18000.3,68.1,1
2021-10-11 12:40:00,2021-10-11 13:30:00,18028.9,18033.85,4.95,2
2021-10-12 11:35:00,2021-10-12 11:50:00,17893.8,17879.9,-13.9,1
2021-10-12 12:40:00,2021-10-12 13:30:00,17908.1,17928.55,20.45,2
2021-10-13 09:30:00,2021-10-13 13:30:00,18081.1,18167.2,86.1,1
2021-10-14 09:30:00,2021-10-14 10:55:00,18269.2,18271.4,2.2,1
2021-10-14 11:00:00,2021-10-14 12:35:00,18275.0,18288.85,13.85,2
2021-10-18 09:30:00,2021-10-18 09:40:00,18495.25,18486.45,-8.8,1
2021-10-18 09:45:00,2021-10-18 10:25:00,18478.5,18493.75,15.25,2
2021-10-18 10:40:00,2021-10-18 11:35:00,18493.6,18487.0,-6.6,3
2021-10-18 12:20:00,2021-10-18 13:15:00,18503.5,18501.35,-2.15,4
2021-10-18 13:20:00,2021-10-18 13:25:00,18486.5,18484.25,-2.25,5
2021-10-19 09:30:00,2021-10-19 10:00:00,18574.95,18560.95,-14.0,1
2021-10-19 10:05:00,2021-10-19 10:10:00,18480.45,18442.95,-37.5,2
2021-10-19 11:00:00,2021-10-19 13:10:00,18535.5,18575.95,40.45,3
2021-10-19 13:30:00,2021-10-19 13:35:00,18575.9,18570.75,-5.150000000001455,4
2021-10-20 10:10:00,2021-10-20 10:20:00,18453.7,18431.9,-21.8,1
2021-10-20 10:25:00,2021-10-20 10:55:00,18407.15,18410.45,3.3,2
2021-10-20 13:00:00,2021-10-20 13:25:00,18351.15,18338.3,-12.85,3
2021-10-20 13:30:00,2021-10-20 13:35:00,18321.2,18310.05,-11.150000000001455,4
2021-10-21 09:30:00,2021-10-21 09:35:00,18308.2,18283.1,-25.1,1
2021-10-21 09:40:00,2021-10-21 09:50:00,18283.8,18289.35,5.55,2
2021-10-21 11:55:00,2021-10-21 12:25:00,18155.95,18139.5,-16.45,3
2021-10-21 13:10:00,2021-10-21 13:25:00,18153.95,18139.45,-14.5,4
2021-10-21 13:30:00,2021-10-21 13:35:00,18112.8,18102.0,-10.799999999999272,5
2021-10-22 09:30:00,2021-10-22 09:55:00,18293.05,18266.35,-26.7,1
2021-10-22 10:00:00,2021-10-22 10:30:00,18273.5,18279.1,5.6,2
2021-10-25 09:30:00,2021-10-25 09:35:00,18090.35,18099.55,9.2,1
2021-10-25 10:45:00,2021-10-25 12:50:00,18105.05,18162.55,57.5,2
2021-10-25 13:20:00,2021-10-25 13:30:00,18180.85,18180.7,-0.15,3
2021-10-26 09:30:00,2021-10-26 10:20:00,18257.25,18218.6,-38.65,1
2021-10-26 10:25:00,2021-10-26 10:35:00,18209.4,18225.55,16.15,2
2021-10-26 12:15:00,2021-10-26 12:35:00,18181.65,18195.35,13.7,3
2021-10-26 12:40:00,2021-10-26 13:05:00,18128.05,18180.35,52.3,4
2021-10-26 13:30:00,2021-10-26 13:35:00,18208.7,18212.2,3.5,5
2021-10-27 09:30:00,2021-10-27 09:35:00,18313.85,18295.0,-18.85,1
2021-10-27 09:40:00,2021-10-27 10:00:00,18296.8,18320.15,23.35,2
2021-10-27 10:25:00,2021-10-27 10:30:00,18315.55,18303.1,-12.45,3
2021-10-27 10:35:00,2021-10-27 10:45:00,18298.5,18301.2,2.7,4
2021-10-27 11:15:00,2021-10-27 12:25:00,18315.3,18311.85,-3.45,5
2021-10-27 13:10:00,2021-10-27 13:25:00,18310.1,18322.1,12.0,6
2021-10-27 13:30:00,2021-10-27 13:35:00,18318.9,18328.9,10.0,7
2021-10-28 11:50:00,2021-10-28 12:10:00,18069.55,18048.55,-21.0,1
2021-10-28 12:15:00,2021-10-28 12:20:00,18026.5,18029.1,2.6,2
2021-10-28 13:20:00,2021-10-28 13:30:00,18029.5,18011.95,-17.55,3
2021-10-29 10:10:00,2021-10-29 11:35:00,17844.15,17864.85,20.7,1
2021-11-01 09:40:00,2021-11-01 10:15:00,17807.9,17790.1,-17.8,1
2021-11-01 10:20:00,2021-11-01 10:40:00,17769.3,17787.2,17.9,2
2021-11-01 11:35:00,2021-11-01 13:30:00,17816.35,17895.15,78.8,3
2021-11-02 11:30:00,2021-11-02 11:45:00,17963.55,17925.55,-38.0,1
2021-11-02 11:50:00,2021-11-02 12:15:00,17932.05,17960.2,28.15,2
2021-11-02 12:35:00,2021-11-02 12:50:00,17924.4,17934.45,10.05,3
2021-11-03 09:30:00,2021-11-03 10:35:00,17965.65,17968.85,3.2,1
2021-11-03 11:05:00,2021-11-03 11:45:00,17979.25,17945.65,-33.6,2
2021-11-08 10:30:00,2021-11-08 13:30:00,17885.6,18073.85,188.25,1
2021-11-09 09:35:00,2021-11-09 09:45:00,18110.25,18097.25,-13.0,1
2021-11-09 11:35:00,2021-11-09 12:15:00,18080.6,18055.75,-24.85,2
2021-11-09 13:15:00,2021-11-09 13:30:00,18059.35,18059.0,-0.35,3
2021-11-10 10:25:00,2021-11-10 11:05:00,17958.4,17958.15,-0.25,1
2021-11-10 11:20:00,2021-11-10 12:10:00,17963.85,17957.25,-6.6,2
2021-11-10 12:20:00,2021-11-10 13:30:00,17962.45,17994.85,32.4,3
2021-11-11 11:25:00,2021-11-11 11:50:00,17848.2,17868.75,20.55,1
2021-11-11 11:55:00,2021-11-11 12:15:00,17870.0,17852.3,-17.7,2
2021-11-11 12:20:00,2021-11-11 12:40:00,17850.35,17842.6,-7.75,3
2021-11-11 13:15:00,2021-11-11 13:30:00,17869.55,17888.7,19.15,4
2021-11-12 09:30:00,2021-11-12 09:40:00,17996.75,17984.95,-11.8,1
2021-11-12 09:45:00,2021-11-12 10:20:00,17970.95,17972.45,1.5,2
2021-11-12 11:30:00,2021-11-12 13:30:00,17974.65,18054.25,79.6,3
2021-11-15 09:30:00,2021-11-15 10:15:00,18183.9,18178.85,-5.05,1
2021-11-15 12:40:00,2021-11-15 13:10:00,18134.55,18142.3,7.75,2
2021-11-15 13:15:00,2021-11-15 13:30:00,18095.4,18123.4,28.0,3
2021-11-16 10:35:00,2021-11-16 11:00:00,18063.95,18065.75,1.8,1
2021-11-16 12:00:00,2021-11-16 13:30:00,18062.85,18112.65,49.8,2
2021-11-17 10:10:00,2021-11-17 11:25:00,17980.05,18002.25,22.2,1
2021-11-17 13:05:00,2021-11-17 13:30:00,17961.35,18001.85,40.5,2
2021-11-18 11:30:00,2021-11-18 11:35:00,17756.45,17742.4,-14.05,1
2021-11-18 11:40:00,2021-11-18 11:50:00,17727.25,17730.3,3.05,2
2021-11-18 13:05:00,2021-11-18 13:30:00,17711.1,17755.05,43.95,3
2021-11-22 13:10:00,2021-11-22 13:15:00,17499.7,17487.5,-12.2,1
2021-11-22 13:20:00,2021-11-22 13:25:00,17471.0,17463.75,-7.25,2
2021-11-22 13:30:00,2021-11-22 13:35:00,17446.2,17439.9,-6.299999999999272,3
2021-11-23 09:30:00,2021-11-23 09:40:00,17360.75,17392.8,32.05,1
2021-11-23 10:10:00,2021-11-23 10:15:00,17402.65,17357.3,-45.35,2
2021-11-23 10:20:00,2021-11-23 10:45:00,17368.2,17381.1,12.9,3
2021-11-23 11:10:00,2021-11-23 12:35:00,17397.05,17416.95,19.9,4
2021-11-23 13:25:00,2021-11-23 13:30:00,17484.45,17494.0,9.55,5
2021-11-24 09:45:00,2021-11-24 10:05:00,17543.2,17542.6,-0.6,1
2021-11-24 10:10:00,2021-11-24 10:30:00,17516.05,17570.5,54.45,2
2021-11-24 10:45:00,2021-11-24 11:50:00,17564.15,17569.6,5.45,3
2021-11-24 12:30:00,2021-11-24 13:00:00,17584.25,17573.0,-11.25,4
2021-11-24 13:05:00,2021-11-24 13:30:00,17572.0,17591.15,19.15,5
2021-11-25 10:45:00,2021-11-25 13:05:00,17413.35,17499.05,85.7,1
2021-11-26 11:35:00,2021-11-26 12:05:00,17198.2,17167.35,-30.85,1
2021-11-26 12:10:00,2021-11-26 12:20:00,17149.1,17146.55,-2.55,2
2021-11-26 13:05:00,2021-11-26 13:20:00,17197.45,17159.8,-37.65,3
2021-11-26 13:25:00,2021-11-26 13:30:00,17156.4,17149.3,-7.1,4
2021-11-29 10:05:00,2021-11-29 10:20:00,17093.0,17018.85,-74.15,1
2021-11-29 10:25:00,2021-11-29 10:50:00,17030.35,17002.2,-28.15,2
2021-11-29 11:20:00,2021-11-29 13:00:00,17137.8,17077.3,-60.5,3
2021-11-30 09:30:00,2021-11-30 11:05:00,17212.45,17195.2,-17.25,1
2021-11-30 12:25:00,2021-11-30 13:30:00,17080.95,17114.4,33.45,2
2021-12-01 09:35:00,2021-12-01 09:40:00,17182.8,17146.95,-35.85,1
2021-12-01 09:45:00,2021-12-01 10:20:00,17140.15,17112.45,-27.7,2
2021-12-01 10:50:00,2021-12-01 10:55:00,17156.5,17153.75,-2.75,3
2021-12-01 11:00:00,2021-12-01 12:10:00,17163.75,17183.35,19.6,4
2021-12-02 09:30:00,2021-12-02 12:15:00,17229.1,17283.05,53.95,1
2021-12-02 12:50:00,2021-12-02 13:30:00,17295.95,17307.4,11.45,2
2021-12-03 09:30:00,2021-12-03 09:50:00,17456.75,17450.0,-6.75,1
2021-12-03 09:55:00,2021-12-03 10:05:00,17392.4,17374.4,-18.0,2
2021-12-03 11:05:00,2021-12-03 12:10:00,17375.6,17374.05,-1.55,3
2021-12-06 10:40:00,2021-12-06 10:55:00,17163.7,17135.2,-28.5,1
2021-12-06 13:10:00,2021-12-06 13:30:00,17069.85,17074.75,4.9,2
2021-12-07 09:35:00,2021-12-07 13:05:00,17026.7,17175.0,148.3,1
2021-12-08 09:30:00,2021-12-08 10:50:00,17372.1,17402.0,29.9,1
2021-12-08 11:05:00,2021-12-08 12:10:00,17412.75,17419.25,6.5,2
2021-12-08 12:40:00,2021-12-08 13:30:00,17420.65,17456.15,35.5,3
2021-12-09 09:30:00,2021-12-09 09:45:00,17442.35,17455.45,13.1,1
2021-12-09 11:10:00,2021-12-09 11:50:00,17433.65,17416.85,-16.8,2
2021-12-09 12:05:00,2021-12-09 13:30:00,17448.7,17520.3,71.6,3
2021-12-10 09:30:00,2021-12-10 09:45:00,17517.05,17461.75,-55.3,1
2021-12-10 11:00:00,2021-12-10 11:25:00,17483.2,17464.0,-19.2,2
2021-12-13 09:30:00,2021-12-13 10:25:00,17633.7,17589.7,-44.0,1
2021-12-14 10:25:00,2021-12-14 10:30:00,17276.45,17268.95,-7.5,1
2021-12-14 11:30:00,2021-12-14 13:00:00,17305.55,17340.45,34.9,2
2021-12-14 13:10:00,2021-12-14 13:30:00,17361.0,17347.55,-13.45,3
2021-12-15 09:30:00,2021-12-15 09:35:00,17262.85,17272.8,9.95,1
2021-12-15 11:30:00,2021-12-15 12:25:00,17272.65,17254.25,-18.4,2
2021-12-15 13:30:00,2021-12-15 13:35:00,17251.55,17258.85,7.299999999999272,3
2021-12-16 09:40:00,2021-12-16 09:50:00,17313.7,17287.4,-26.3,1
2021-12-16 09:55:00,2021-12-16 10:15:00,17276.3,17279.75,3.45,2
2021-12-16 10:55:00,2021-12-16 11:35:00,17283.3,17232.8,-50.5,3
2021-12-16 12:55:00,2021-12-16 13:30:00,17260.8,17248.9,-11.9,4
2021-12-17 09:30:00,2021-12-17 09:35:00,17139.65,17163.7,24.05,1
2021-12-17 11:40:00,2021-12-17 12:00:00,17039.85,17030.1,-9.75,2
2021-12-17 12:55:00,2021-12-17 13:30:00,17046.85,17078.25,31.4,3
2021-12-21 09:30:00,2021-12-21 12:55:00,16773.55,16908.5,134.95,1
2021-12-22 09:30:00,2021-12-22 10:25:00,16869.55,16836.0,-33.55,1
2021-12-22 11:15:00,2021-12-22 12:55:00,16865.7,16884.15,18.45,2
2021-12-22 13:00:00,2021-12-22 13:30:00,16895.9,16886.65,-9.25,3
2021-12-23 09:30:00,2021-12-23 10:35:00,17072.7,17057.35,-15.35,1
2021-12-23 12:10:00,2021-12-23 13:30:00,17068.8,17103.95,35.15,2
2021-12-24 11:25:00,2021-12-24 12:00:00,16940.6,16972.9,32.3,1
2021-12-24 12:05:00,2021-12-24 12:55:00,16970.1,16961.15,-8.95,2
2021-12-27 10:15:00,2021-12-27 11:35:00,16964.8,17015.65,50.85,1
2021-12-27 11:50:00,2021-12-27 13:30:00,17031.65,17072.45,40.8,2
2021-12-28 09:30:00,2021-12-28 10:40:00,17175.15,17192.15,17.0,1
2021-12-28 10:45:00,2021-12-28 11:00:00,17195.05,17199.65,4.6,2
2021-12-28 11:20:00,2021-12-28 13:10:00,17221.55,17218.55,-3.0,3
2021-12-29 09:30:00,2021-12-29 10:15:00,17248.1,17247.7,-0.4,1
2021-12-29 10:20:00,2021-12-29 10:40:00,17235.65,17251.0,15.35,2
2021-12-29 13:00:00,2021-12-29 13:30:00,17237.75,17236.25,-1.5,3
