CONTRACT_D,PREVIOUS_S,OPEN_PRICE,HIGH_PRICE,LOW_PRICE,CLOSE_PRIC,SETTLEMENT,NET_CHANGE,OI_NO_CON,TRADED_QUA,TRD_NO_CON,TRADED_VAL
FUTSTKBAJAJFINSV30-JAN-2025,1587.2000000,1603.4500000,1625.9500000,1595.9000000,1623.4000000,1623.4000000,2.2800000,164.0000000,60500.0000000,121.0000000,97806375.0000000
FUTIDXFINNIFTY26-NOV-2024,23283.5500000,23304.2500000,23657.9500000,23304.2500000,23583.3500000,23583.3500000,1.2800000,2865.0000000,54350.0000000,2174.0000000,1278654141.2500000
FUTSTKNATIONALUM30-JAN-2025,246.4400000,249.3300000,255.9500000,249.3300000,253.4600000,253.4600000,2.8400000,148.0000000,26250.0000000,7.0000000,6667275.0000000
FUTSTKPFC28-NOV-2024,449.3500000,455.0000000,475.4000000,450.7000000,473.6500000,473.6500000,5.4000000,40131.0000000,24761100.0000000,19047.0000000,11584126840.0000000
FUTSTKFEDERALBNK30-JAN-2025,212.6600000,213.0100000,213.2900000,210.3100000,212.1700009,212.1700009,-0.2300000,186.0000000,380000.0000000,76.0000000,80509900.0000000
FUTSTKBANKBARODA28-NOV-2024,228.2000000,229.5000000,237.6000000,229.0000000,235.6500000,235.6500000,3.2600000,52598.0000000,30694950.0000000,10494.0000000,7220181588.7500000
FUTSTKSBIN30-JAN-2025,789.9000000,795.0000000,828.6500000,794.5000000,824.4500000,824.4500000,4.3700000,1712.0000000,738750.0000000,985.0000000,602382375.0000000
FUTSTKIPCALAB30-JAN-2025,1594.0500000,0.0000000,0.0000000,0.0000000,,1611.8000000,1.1100000,3.0000000,0.0000000,0.0000000,0.0000000
FUTSTKIOC28-NOV-2024,130.9000000,131.8300000,133.2100000,130.7400000,132.6700000,132.6700000,1.3500000,26092.0000000,21474375.0000000,4405.0000000,2836780293.7500000
FUTSTKDLF26-DEC-2024,779.3500000,782.3000000,814.0000000,780.1000000,807.0000000,807.0000000,3.5400000,6903.0000000,4106025.0000000,4977.0000000,3306614808.7500000
FUTSTKSHRIRAMFIN28-NOV-2024,2800.9000000,2757.4000000,2863.9000000,2751.7000000,2845.4000000,2845.4000000,1.5800000,53070.0000000,1795350.0000000,11969.0000000,5086160145.0000000
FUTSTKIRCTC30-JAN-2025,803.5000000,803.4000000,821.0000000,802.0000000,818.0000000,818.0000000,1.8000000,203.0000000,70000.0000000,80.0000000,57073493.7500000
FUTSTKUNITDSPR30-JAN-2025,1508.5500000,1517.3500000,1520.1500000,1509.8000000,1515.3500000,1515.3500000,0.4500000,50.0000000,6650.0000000,19.0000000,10081977.5000000
FUTSTKTATACHEM28-NOV-2024,1047.5500000,1049.7000000,1074.4500000,1045.0000000,1071.1000000,1071.1000000,2.2400000,12358.0000000,1624700.0000000,2954.0000000,1727450340.0000000
FUTSTKCUMMINSIND30-JAN-2025,3311.8500000,3335.2500000,3378.6000000,3332.5000000,3369.0500000,3369.0500000,1.7200000,85.0000000,3900.0000000,26.0000000,13122015.0000000
FUTSTKESCORTS30-JAN-2025,3499.3500000,3575.0500000,3575.0500000,3575.0500000,3575.0500000,3555.5500000,1.6000000,16.0000000,150.0000000,1.0000000,536257.5000000
FUTSTKIOC30-JAN-2025,132.7000000,133.5600000,134.8000000,132.5000000,134.3700000,134.3700000,1.2500000,374.0000000,697125.0000000,143.0000000,93239298.7500000
FUTSTKLTTS30-JAN-2025,5232.9500000,5220.8000000,5349.5000000,5220.8000000,5349.5000000,5349.5000000,2.2200000,49.0000000,1800.0000000,18.0000000,9529120.0000000
FUTSTKAARTIIND30-JAN-2025,430.2000000,0.0000000,0.0000000,0.0000000,,436.4000000,1.4400000,303.0000000,0.0000000,0.0000000,0.0000000
FUTSTKLICHSGFIN30-JAN-2025,619.2000000,622.0500000,625.9000000,615.0500000,625.1500000,625.1500000,0.9600000,59.0000000,81000.0000000,81.0000000,50266800.0000000
FUTSTKBRITANNIA30-JAN-2025,4861.8500000,4850.0000000,4931.8000000,4850.0000000,4921.3000000,4921.3000000,1.2200000,287.0000000,10700.0000000,107.0000000,52574285.0000000
FUTSTKSHRIRAMFIN30-JAN-2025,2832.7000000,2812.0500000,2886.0500000,2812.0500000,2876.6500000,2876.6500000,1.5500000,101.0000000,7350.0000000,49.0000000,21033015.0000000
FUTSTKDALBHARAT28-NOV-2024,1771.4000000,1775.0000000,1827.5000000,1765.8500000,1812.5000000,1812.5000000,2.3200000,9796.0000000,645425.0000000,2347.0000000,1165100090.0000000
FUTSTKHDFCAMC28-NOV-2024,4221.6000000,4236.4500000,4250.0000000,4185.2000000,4229.7000000,4229.7000000,0.1900000,23731.0000000,660300.0000000,4402.0000000,2789224380.0000000
FUTSTKTVSMOTOR26-DEC-2024,2406.9500000,2400.2500000,2442.8500000,2377.3500000,2430.7500000,2430.7500000,0.9800000,1744.0000000,659050.0000000,1883.0000000,1587457112.5000000
FUTSTKAPOLLOHOSP30-JAN-2025,6813.5500000,6947.7500000,7016.7500000,6896.7000000,7011.3000000,7011.3000000,2.9000000,71.0000000,8125.0000000,65.0000000,56696012.5000000
FUTSTKHEROMOTOCO26-DEC-2024,4774.3000000,4781.0000000,4831.1500000,4761.1000000,4814.6000000,4814.6000000,0.8400000,3134.0000000,217800.0000000,1452.0000000,1045679850.0000000
FUTSTKSHREECEM26-DEC-2024,23859.4500000,23948.8000000,24618.9500000,23948.8000000,24591.0500000,24591.0500000,3.0600000,1832.0000000,16575.0000000,663.0000000,404376823.7500000
FUTSTKSBILIFE26-DEC-2024,1487.0500000,1489.8000000,1506.8500000,1485.5000000,1493.9000000,1493.9000000,0.4600000,3069.0000000,699375.0000000,1865.0000000,1046756943.7500000
FUTSTKMUTHOOTFIN26-DEC-2024,1905.6000000,1922.4500000,1941.8000000,1913.1500000,1936.8500000,1936.8500000,1.6300000,1313.0000000,227975.0000000,829.0000000,440539632.5000000
FUTSTKTATASTEEL30-JAN-2025,142.2100000,142.3500000,145.0000000,141.7300000,144.7300000,144.7300000,1.7700000,1182.0000000,1793000.0000000,326.0000000,257430855.0000000
FUTSTKGAIL28-NOV-2024,188.5800000,189.3300000,193.8500000,188.5700000,192.9600000,192.9600000,2.3200000,21093.0000000,19796025.0000000,4327.0000000,3795667278.7500000
FUTSTKLUPIN30-JAN-2025,2069.6000000,2075.4000000,2098.9000000,2070.0000000,2095.2500000,2095.2500000,1.2300000,169.0000000,65450.0000000,154.0000000,136894582.5000000
FUTSTKGUJGASLTD28-NOV-2024,452.7000000,452.3000000,465.2500000,452.3000000,463.1000000,463.1000000,2.2900000,5060.0000000,2180000.0000000,1744.0000000,1004407937.5000000
FUTSTKDABUR28-NOV-2024,505.6500000,506.8000000,514.1500000,504.5500000,513.3000000,513.3000000,1.5100000,14986.0000000,2651250.0000000,2121.0000000,1353206562.5000000
FUTSTKCIPLA30-JAN-2025,1482.1000000,1490.7000000,1509.0000000,1490.7000000,1503.0000000,1503.0000000,1.4100000,53.0000000,3900.0000000,12.0000000,5866721.2500000
FUTSTKBRITANNIA28-NOV-2024,4809.7000000,4848.9000000,4877.0000000,4781.1000000,4854.9000000,4854.9000000,0.9300000,24452.0000000,686300.0000000,6863.0000000,3325082835.0000000
FUTSTKABB28-NOV-2024,6774.5500000,6832.0500000,6947.0000000,6751.8500000,6909.8500000,6909.8500000,1.9900000,12226.0000000,548250.0000000,4386.0000000,3775783918.7500000
FUTSTKTATACONSUM28-NOV-2024,912.2000000,919.4000000,946.9500000,914.0000000,943.4500000,943.4500000,3.4200000,28332.0000000,2759712.0000000,6052.0000000,2584309890.0000000
FUTSTKTVSMOTOR30-JAN-2025,2419.5500000,2405.0000000,2450.6000000,2395.8500000,2445.0000000,2445.0000000,1.0500000,25.0000000,5250.0000000,15.0000000,12694377.5000000
FUTSTKDIXON28-NOV-2024,15005.9000000,15106.5000000,15477.5000000,14910.0500000,15354.2000000,15354.2000000,2.3200000,24722.0000000,817850.0000000,16357.0000000,12430152010.0000000
FUTSTKICICIBANK30-JAN-2025,1266.7000000,1278.4000000,1295.4000000,1277.0000000,1290.4500000,1290.4500000,1.8700000,251.0000000,89600.0000000,128.0000000,115379985.0000000
FUTSTKSBIN28-NOV-2024,779.9500000,789.0000000,819.3500000,783.3000000,814.6000000,814.6000000,4.4400000,121592.0000000,56166000.0000000,74888.0000000,45416337600.0000000
FUTSTKBAJFINANCE30-JAN-2025,6553.0500000,6555.2500000,6795.0000000,6550.0500000,6771.5000000,6771.5000000,3.3300000,633.0000000,34250.0000000,274.0000000,228690156.2500000
FUTSTKCONCOR30-JAN-2025,779.2000000,779.2000000,801.6500000,779.2000000,799.1000000,799.1000000,2.5500000,163.0000000,63000.0000000,63.0000000,50001400.0000000
FUTSTKMARICO30-JAN-2025,598.7000000,596.0000000,607.9000000,596.0000000,607.9000000,606.8500000,1.3600000,19.0000000,4800.0000000,4.0000000,2892840.0000000
FUTSTKICICIBANK28-NOV-2024,1252.2000000,1262.1000000,1282.4000000,1257.1000000,1275.9000000,1275.9000000,1.8900000,111960.0000000,27790000.0000000,39700.0000000,35435737855.0000000
FUTSTKULTRACEMCO28-NOV-2024,10983.4000000,11019.9500000,11413.4000000,10929.1000000,11364.4500000,11364.4500000,3.4600000,42472.0000000,886900.0000000,17738.0000000,9984225535.0000000
FUTSTKMARUTI30-JAN-2025,10993.3500000,10995.0000000,11240.0000000,10970.9000000,11207.7500000,11207.7500000,1.9500000,196.0000000,6150.0000000,123.0000000,68260465.0000000
FUTSTKIEX30-JAN-2025,163.0800000,164.5200000,165.1500000,163.0000000,164.9800000,164.9800000,1.1600000,175.0000000,120000.0000000,32.0000000,19710487.5000000
FUTSTKTECHM30-JAN-2025,1720.1000000,1738.0000000,1770.0000000,1738.0000000,1768.4500000,1768.4500000,2.8100000,371.0000000,87000.0000000,145.0000000,152915430.0000000
FUTSTKALKEM26-DEC-2024,5559.3500000,5560.1000000,5599.9500000,5518.8000000,5580.1500000,5580.1500000,0.3700000,1455.0000000,169700.0000000,1697.0000000,943715875.0000000
FUTSTKHINDALCO28-NOV-2024,647.2000000,650.4000000,656.5000000,646.5000000,650.9500000,650.9500000,0.5700000,28548.0000000,10663800.0000000,7617.0000000,6948233040.0000000
FUTSTKLALPATHLAB28-NOV-2024,3033.9500000,3000.1500000,3070.6000000,3000.1500000,3062.4500000,3062.4500000,0.9300000,4656.0000000,161550.0000000,1077.0000000,493181175.0000000
FUTSTKNMDC30-JAN-2025,220.6700000,223.1700000,224.5900000,221.6800000,223.7400000,223.7400000,1.3900000,480.0000000,364500.0000000,81.0000000,81446085.0000000
FUTIDXNIFTY28-NOV-2024,23348.7000000,23424.7500000,23959.7000000,23381.2000000,23886.5500000,23886.5500000,2.3000000,400387.0000000,10552250.0000000,422090.0000000,250146099971.2500000
FUTSTKICICIBANK26-DEC-2024,1260.7000000,1266.3500000,1289.8000000,1265.3500000,1283.0000000,1283.0000000,1.7600000,13486.0000000,5723200.0000000,8176.0000000,7337572760.0000000
FUTSTKBALKRISIND30-JAN-2025,2757.4000000,2760.0500000,2760.0500000,2750.0000000,2750.0000000,2802.7500000,1.6400000,13.0000000,900.0000000,3.0000000,2481030.0000000
FUTSTKDLF28-NOV-2024,774.4000000,781.9500000,808.8500000,775.4500000,802.0500000,802.0500000,3.5700000,44199.0000000,13925175.0000000,16879.0000000,11133774176.2500000
FUTSTKTATASTEEL28-NOV-2024,140.3800000,140.5700000,143.3900000,139.8000000,142.9600000,142.9600000,1.8300000,39863.0000000,62634000.0000000,11388.0000000,8893570510.0000000
FUTSTKGODREJCP28-NOV-2024,1177.2000000,1181.9500000,1198.0000000,1175.1000000,1194.6000000,1194.6000000,1.4700000,23359.0000000,873000.0000000,1746.0000000,1037952900.0000000
FUTSTKJINDALSTEL26-DEC-2024,876.0000000,874.6000000,890.5500000,862.2500000,884.3500000,884.3500000,0.9500000,5038.0000000,2818750.0000000,4510.0000000,2479689656.2500000
FUTSTKPERSISTENT30-JAN-2025,5771.9000000,5835.0000000,5896.9500000,5801.2000000,5843.6000000,5843.6000000,1.2400000,75.0000000,4700.0000000,47.0000000,27439600.0000000
FUTSTKDALBHARAT26-DEC-2024,1780.1000000,1784.3500000,1837.0000000,1775.6000000,1820.8500000,1820.8500000,2.2800000,1745.0000000,268125.0000000,975.0000000,487667345.0000000
FUTSTKM&MFIN30-JAN-2025,251.5000000,254.5500000,258.6500000,252.2500000,257.9000000,257.9000000,2.5400000,171.0000000,70000.0000000,35.0000000,17886600.0000000
FUTSTKSHREECEM30-JAN-2025,24366.4000000,24150.0000000,24400.0000000,24150.0000000,24400.0000000,25113.2000000,3.0600000,53.0000000,100.0000000,4.0000000,2425000.0000000
FUTSTKNATIONALUM28-NOV-2024,248.1800000,249.9900000,259.0000000,248.9000000,255.9000000,255.9000000,3.1100000,12837.0000000,6525000.0000000,1740.0000000,1658345362.5000000
FUTSTKKOTAKBANK26-DEC-2024,1745.4000000,1748.7000000,1779.6500000,1744.7500000,1769.8500000,1769.8500000,1.4000000,10544.0000000,2538400.0000000,6346.0000000,4474910960.0000000
FUTSTKGODREJPROP30-JAN-2025,2739.9000000,2784.9000000,2890.0000000,2784.9000000,2881.8000000,2881.8000000,5.1700000,55.0000000,18675.0000000,83.0000000,53251312.5000000
FUTSTKSAIL26-DEC-2024,111.3200000,111.7100000,114.4500000,111.1000000,113.4500000,113.4500000,1.9100000,9051.0000000,19608000.0000000,4902.0000000,2221122840.0000000
FUTSTKMGL30-JAN-2025,1136.7000000,1161.0000000,1180.0000000,1135.0000000,1168.5000000,1168.5000000,2.7900000,92.0000000,34000.0000000,85.0000000,39447540.0000000
FUTSTKBAJAJFINSV26-DEC-2024,1579.0500000,1577.9500000,1614.5500000,1572.3000000,1611.9000000,1611.9000000,2.0800000,3215.0000000,1359500.0000000,2719.0000000,2179649925.0000000
FUTSTKONGC30-JAN-2025,245.5500000,247.3500000,250.2000000,247.1000000,248.7500000,248.7500000,1.3000000,414.0000000,188650.0000000,98.0000000,46904357.5000000
FUTSTKDRREDDY30-JAN-2025,1210.9000000,1210.0000000,1234.2000000,1210.0000000,1232.7000000,1232.7000000,1.8000000,42.0000000,11250.0000000,18.0000000,13770281.2500000
FUTSTKINDIGO26-DEC-2024,4091.0000000,4102.0000000,4174.0000000,4082.2500000,4161.2000000,4161.2000000,1.7100000,5615.0000000,491700.0000000,3278.0000000,2040013612.5000000
FUTSTKINDIAMART28-NOV-2024,2255.9500000,2245.2500000,2290.8000000,2245.2500000,2282.7500000,2282.7500000,1.1800000,3758.0000000,336600.0000000,1122.0000000,765791895.0000000
FUTSTKHDFCAMC30-JAN-2025,4266.0500000,4305.0000000,4305.0000000,4251.1000000,4278.2000000,4278.2000000,0.2800000,54.0000000,3750.0000000,25.0000000,16052685.0000000
FUTSTKVOLTAS30-JAN-2025,1697.2500000,1641.9000000,1668.0000000,1633.4500000,1657.7000000,1657.7000000,-2.3300000,178.0000000,56100.0000000,187.0000000,92381460.0000000
FUTSTKMRF30-JAN-2025,124123.4000000,125329.1500000,126200.0000000,124050.3000000,126197.9000000,126197.9000000,1.6700000,54.0000000,90.0000000,18.0000000,11281610.2500000
FUTSTKGAIL30-JAN-2025,190.4700000,191.9900000,195.9600000,191.9900000,195.5900000,195.5900000,2.6800000,226.0000000,192700.0000000,82.0000000,37336353.5000000
FUTSTKAUBANK28-NOV-2024,591.7000000,591.9000000,596.0000000,590.2500000,594.6500000,594.6500000,0.4900000,17455.0000000,4368000.0000000,4368.0000000,2592499550.0000000
FUTSTKGMRINFRA26-DEC-2024,77.3900000,78.0300000,80.0000000,77.4200000,79.5000000,79.5000000,2.7200000,9082.0000000,26083125.0000000,4637.0000000,2064374493.7500000
FUTSTKPVRINOX30-JAN-2025,1459.9500000,1467.5000000,1486.9500000,1455.0000000,1481.6500000,1481.6500000,1.4800000,86.0000000,50468.0000000,124.0000000,74463804.2500000
FUTSTKADANIPORTS26-DEC-2024,1118.8000000,1080.0000000,1160.0000000,1060.0000000,1141.7500000,1141.7500000,2.0500000,19205.0000000,10247200.0000000,25618.0000000,11403893160.0000000
FUTSTKIDFCFIRSTB30-JAN-2025,63.0800000,63.5000000,65.2600000,63.5000000,64.6200000,64.6200000,2.4400000,1570.0000000,2542500.0000000,339.0000000,164578725.0000000
FUTSTKGODREJCP30-JAN-2025,1194.0500000,1196.1500000,1207.9500000,1192.5000000,1207.8000000,1207.6000000,1.1300000,42.0000000,13500.0000000,27.0000000,16140550.0000000
FUTSTKPETRONET30-JAN-2025,325.0500000,327.5000000,328.0000000,324.1500000,327.6000000,327.6000000,0.7800000,36.0000000,16500.0000000,11.0000000,5378025.0000000
FUTSTKCANFINHOME30-JAN-2025,833.3500000,0.0000000,0.0000000,0.0000000,,853.6000000,2.4200000,0.0000000,0.0000000,0.0000000,0.0000000
FUTSTKAUROPHARMA30-JAN-2025,1234.0000000,1244.0000000,1244.0000000,1237.4000000,1244.0000000,1239.4000000,0.4300000,60.0000000,2750.0000000,5.0000000,3415720.0000000
FUTSTKPNB30-JAN-2025,97.6300000,98.5100000,101.5000000,98.5100000,101.0900000,101.0900000,3.5400000,551.0000000,1480000.0000000,185.0000000,148476000.0000000
FUTSTKSIEMENS28-NOV-2024,6650.5000000,6673.2500000,6977.0000000,6637.9000000,6861.6500000,6861.6500000,3.1700000,24911.0000000,712275.0000000,9497.0000000,4886506398.7500000
FUTSTKCOFORGE26-DEC-2024,8223.5500000,8265.7500000,8342.9000000,8223.5500000,8335.2500000,8335.2500000,1.3500000,2463.0000000,237975.0000000,3173.0000000,1974521268.7500000
FUTIDXNIFTYNXT5027-DEC-2024,67710.2500000,67920.1000000,68746.0500000,67685.0500000,68604.3000000,68604.3000000,1.3200000,541.0000000,2380.0000000,238.0000000,162577295.5000000
FUTSTKMCX26-DEC-2024,6209.4500000,6250.0000000,6295.5500000,6205.0000000,6240.9000000,6240.9000000,0.5000000,1979.0000000,129100.0000000,1291.0000000,806964315.0000000
FUTSTKGRANULES30-JAN-2025,551.9500000,0.0000000,0.0000000,0.0000000,,566.7000000,2.6700000,47.0000000,0.0000000,0.0000000,0.0000000
FUTSTKTATACHEM26-DEC-2024,1051.1000000,1052.0000000,1078.5500000,1050.0000000,1075.6000000,1075.6000000,2.3300000,2073.0000000,582450.0000000,1059.0000000,621013167.5000000
FUTSTKSUNPHARMA26-DEC-2024,1787.8500000,1793.7000000,1826.0000000,1778.6000000,1810.4500000,1810.4500000,1.2600000,4088.0000000,1629250.0000000,4655.0000000,2928248102.5000000
FUTSTKUPL30-JAN-2025,558.8500000,561.0000000,572.0000000,552.5000000,568.2500000,568.2500000,1.6800000,133.0000000,97500.0000000,75.0000000,54871570.0000000
FUTSTKLTTS28-NOV-2024,5166.9000000,5182.1500000,5333.0000000,5172.5000000,5319.5000000,5319.5000000,2.9500000,7082.0000000,214000.0000000,2140.0000000,1128492300.0000000
FUTSTKJUBLFOOD30-JAN-2025,606.9500000,608.0000000,640.9000000,608.0000000,637.4000000,637.4000000,5.0100000,83.0000000,56250.0000000,45.0000000,35385000.0000000
FUTSTKALKEM28-NOV-2024,5561.9000000,5556.0000000,5586.2000000,5500.0000000,5553.7000000,5553.7000000,-0.1400000,12944.0000000,437300.0000000,4373.0000000,2421210560.0000000
FUTSTKAMBUJACEM30-JAN-2025,488.8000000,487.7000000,521.1000000,487.7000000,507.2000000,507.2000000,3.7600000,255.0000000,134100.0000000,149.0000000,67885290.0000000
FUTSTKSRF26-DEC-2024,2153.0500000,2148.0500000,2197.0000000,2143.9000000,2178.3500000,2178.3500000,1.1700000,3480.0000000,1350750.0000000,3602.0000000,2931868218.7500000
FUTSTKBHEL30-JAN-2025,230.5100000,230.5200000,239.0000000,230.2000000,237.0400000,237.0400000,2.8300000,190.0000000,530250.0000000,202.0000000,124766118.7500000
FUTSTKSIEMENS30-JAN-2025,6728.2000000,6850.0000000,7036.9000000,6850.0000000,6928.9500000,6928.9500000,2.9800000,36.0000000,1425.0000000,19.0000000,9906596.2500000
FUTSTKBALKRISIND26-DEC-2024,2742.2000000,2752.4000000,2791.2500000,2732.6500000,2778.8500000,2778.8500000,1.3300000,608.0000000,76500.0000000,255.0000000,212193390.0000000
FUTSTKCUMMINSIND26-DEC-2024,3301.1500000,3318.4500000,3360.8000000,3286.1000000,3342.5500000,3342.5500000,1.2500000,3532.0000000,530400.0000000,3536.0000000,1768097332.5000000
FUTSTKRBLBANK30-JAN-2025,158.1200000,160.0500000,161.0000000,158.4000000,159.6200000,159.6200000,0.9400000,333.0000000,212500.0000000,85.0000000,33959650.0000000
FUTSTKGRASIM30-JAN-2025,2567.9000000,2606.0500000,2633.0000000,2596.0000000,2626.9000000,2626.9000000,2.2900000,96.0000000,8750.0000000,35.0000000,22892150.0000000
FUTSTKEXIDEIND30-JAN-2025,421.1000000,425.0000000,429.4000000,422.5000000,428.5500000,428.5500000,1.7600000,91.0000000,72000.0000000,40.0000000,30688740.0000000
FUTSTKJINDALSTEL30-JAN-2025,879.8500000,879.8500000,895.9500000,879.5500000,890.5000000,890.5000000,1.2100000,51.0000000,12500.0000000,20.0000000,11103218.7500000
FUTSTKRBLBANK28-NOV-2024,156.0100000,155.8000000,158.5500000,155.8000000,157.7300000,157.7300000,1.1000000,14329.0000000,14597500.0000000,5839.0000000,2299571675.0000000
FUTSTKBAJAJ-AUTO30-JAN-2025,9602.7000000,9625.0000000,9708.9000000,9580.0000000,9598.8500000,9598.8500000,-0.0400000,112.0000000,6300.0000000,84.0000000,60749550.0000000
FUTSTKCOROMANDEL30-JAN-2025,1791.0500000,1793.1500000,1814.8000000,1790.0000000,1810.5500000,1810.5500000,1.0800000,8.0000000,3850.0000000,11.0000000,6942355.0000000
FUTSTKABBOTINDIA28-NOV-2024,27076.1500000,27119.1000000,27764.1000000,27085.7000000,27702.1000000,27702.1000000,2.3100000,4206.0000000,21560.0000000,1078.0000000,594110480.0000000
FUTSTKDIXON26-DEC-2024,15092.1500000,15181.9500000,15565.0000000,15013.4000000,15418.9500000,15418.9500000,2.1600000,6774.0000000,384900.0000000,7698.0000000,5877316820.0000000
FUTSTKABCAPITAL26-DEC-2024,184.3500000,185.0000000,188.7000000,184.8000000,187.7100000,187.7100000,1.8200000,4602.0000000,4946400.0000000,1832.0000000,925439580.0000000
FUTSTKTRENT28-NOV-2024,6442.7000000,6424.9500000,6684.4500000,6424.9500000,6644.6000000,6644.6000000,3.1300000,34920.0000000,1538200.0000000,15382.0000000,10132882670.0000000
FUTSTKINDUSTOWER30-JAN-2025,334.3500000,336.3000000,336.3000000,330.0000000,334.4000000,334.4000000,0.0100000,193.0000000,105400.0000000,62.0000000,35161780.0000000
FUTSTKBANKBARODA30-JAN-2025,231.3000000,233.7500000,240.5000000,233.7500000,238.7000000,238.7000000,3.1900000,475.0000000,620100.0000000,212.0000000,147935092.5000000
FUTSTKHAL26-DEC-2024,4010.9000000,4025.0000000,4155.0000000,4015.0000000,4138.3000000,4138.3000000,3.1700000,12414.0000000,986250.0000000,6575.0000000,4049657122.5000000
FUTSTKDRREDDY28-NOV-2024,1194.7000000,1208.9000000,1222.3500000,1189.3500000,1214.7500000,1214.7500000,1.6700000,13740.0000000,1870000.0000000,2992.0000000,2262734281.2500000
FUTSTKDALBHARAT30-JAN-2025,1788.9000000,1805.0000000,1844.6500000,1805.0000000,1839.1000000,1831.4500000,2.3700000,34.0000000,2200.0000000,8.0000000,4038278.7500000
FUTSTKAMBUJACEM26-DEC-2024,485.3500000,480.0500000,517.9000000,480.0500000,503.4500000,503.4500000,3.7200000,5358.0000000,6415200.0000000,7128.0000000,3227309190.0000000
FUTSTKBEL30-JAN-2025,278.7500000,280.9000000,287.2500000,279.2000000,284.5000000,284.5000000,2.0600000,528.0000000,686850.0000000,241.0000000,195106582.5000000
FUTSTKLT28-NOV-2024,3479.2500000,3497.7500000,3618.7500000,3476.1500000,3607.8000000,3607.8000000,3.6900000,93334.0000000,4673400.0000000,31156.0000000,16638119107.5000000
FUTSTKHCLTECH26-DEC-2024,1843.9500000,1850.0500000,1912.7000000,1846.0000000,1907.2000000,1907.2000000,3.4300000,3117.0000000,1124900.0000000,3214.0000000,2125460312.5000000
FUTSTKLT26-DEC-2024,3500.8000000,3517.9500000,3638.2000000,3498.8500000,3627.0000000,3627.0000000,3.6000000,12001.0000000,1717500.0000000,11450.0000000,6140235615.0000000
FUTSTKKOTAKBANK30-JAN-2025,1758.2500000,1764.6500000,1790.5500000,1764.3000000,1782.0000000,1782.0000000,1.3500000,542.0000000,62800.0000000,157.0000000,111382160.0000000
FUTSTKATUL30-JAN-2025,7308.1000000,7329.8500000,7386.0000000,7329.8500000,7377.0000000,7354.8500000,0.6300000,112.0000000,2300.0000000,23.0000000,16944685.0000000
FUTSTKNAVINFLUOR30-JAN-2025,3294.7000000,3316.0500000,3374.0000000,3309.0000000,3365.3500000,3365.3500000,2.1400000,47.0000000,1925.0000000,11.0000000,6415841.2500000
FUTSTKBPCL30-JAN-2025,286.0000000,285.6000000,289.9000000,284.7000000,288.7500000,288.7500000,0.9600000,207.0000000,187200.0000000,104.0000000,53797140.0000000
FUTIDXNIFTY30-JAN-2025,23662.0500000,23725.0000000,24248.9000000,23700.0000000,24189.9500000,24189.9500000,2.2300000,24915.0000000,513250.0000000,20530.0000000,12331412721.2500000
FUTSTKUBL26-DEC-2024,1817.7000000,1825.6500000,1876.0500000,1818.8500000,1865.3500000,1865.3500000,2.6200000,458.0000000,117200.0000000,293.0000000,217008300.0000000
FUTSTKINDIGO30-JAN-2025,4118.9000000,4116.7000000,4200.0000000,4113.2000000,4187.4500000,4187.4500000,1.6600000,459.0000000,33750.0000000,225.0000000,141233947.5000000
FUTSTKVEDL26-DEC-2024,444.9000000,447.4000000,451.0000000,443.1500000,447.7000000,447.7000000,0.6200000,17438.0000000,13476850.0000000,11719.0000000,6048900640.0000000
FUTSTKCUB30-JAN-2025,172.2000000,173.8500000,173.8500000,173.8100000,173.8300000,173.8300000,0.9400000,38.0000000,10000.0000000,2.0000000,1738300.0000000
FUTSTKADANIENT30-JAN-2025,2209.5500000,2100.0000000,2300.0000000,2092.4000000,2250.0000000,2250.0000000,1.8300000,457.0000000,23700.0000000,79.0000000,52056255.0000000
FUTSTKJINDALSTEL28-NOV-2024,870.0000000,867.4000000,885.2000000,857.1000000,878.8500000,878.8500000,1.0100000,30960.0000000,4890625.0000000,7825.0000000,4276227218.7500000
FUTSTKHDFCBANK26-DEC-2024,1748.6000000,1751.9500000,1761.4500000,1739.1000000,1752.2000000,1752.2000000,0.2000000,30966.0000000,10843800.0000000,19716.0000000,18967071915.0000000
FUTSTKBERGEPAINT30-JAN-2025,471.5500000,474.7500000,481.2500000,474.7500000,480.8500000,480.8500000,1.9700000,91.0000000,79200.0000000,60.0000000,37784010.0000000
FUTSTKGMRINFRA30-JAN-2025,77.9300000,79.2600000,80.5000000,78.7000000,80.0900000,80.0900000,2.7700000,333.0000000,781875.0000000,139.0000000,62241750.0000000
FUTSTKCOALINDIA30-JAN-2025,411.7500000,412.9000000,421.0000000,412.9000000,419.4000000,419.4000000,1.8500000,442.0000000,120750.0000000,115.0000000,50511667.5000000
FUTSTKLICHSGFIN28-NOV-2024,610.3500000,612.5000000,619.1000000,606.2000000,617.4000000,617.4000000,1.1500000,25032.0000000,3608000.0000000,3608.0000000,2214657550.0000000
FUTSTKICICIGI30-JAN-2025,1828.2000000,1854.0000000,1877.4000000,1854.0000000,1877.4000000,1861.1000000,1.7900000,10.0000000,1000.0000000,4.0000000,1859850.0000000
FUTSTKLTF30-JAN-2025,139.2400000,139.6000000,142.2800000,139.5200000,141.1100000,141.1100000,1.3400000,155.0000000,232024.0000000,52.0000000,32716811.8400000
FUTSTKPOWERGRID30-JAN-2025,329.3000000,335.0000000,340.7000000,330.0000000,340.2500000,340.2500000,3.3200000,98.0000000,158400.0000000,88.0000000,53271450.0000000
FUTSTKCHOLAFIN28-NOV-2024,1206.9500000,1207.8500000,1221.6000000,1188.5500000,1211.6500000,1211.6500000,0.3800000,15482.0000000,2511250.0000000,4018.0000000,3041013343.7500000
FUTSTKRECLTD26-DEC-2024,493.5500000,497.9500000,514.5000000,493.4000000,509.8500000,509.8500000,3.3000000,10883.0000000,10363000.0000000,10363.0000000,5245225700.0000000
FUTSTKHDFCBANK30-JAN-2025,1760.8000000,1765.5500000,1772.3500000,1752.0000000,1763.7500000,1763.7500000,0.1600000,1476.0000000,204600.0000000,372.0000000,360109090.0000000
FUTSTKBPCL26-DEC-2024,284.2000000,284.2000000,288.4000000,282.5000000,287.0500000,287.0500000,1.0000000,3801.0000000,5072400.0000000,2818.0000000,1448448390.0000000
FUTSTKHINDALCO30-JAN-2025,654.8000000,659.0000000,664.4000000,655.1500000,660.2500000,660.2500000,0.8300000,251.0000000,110600.0000000,79.0000000,72906400.0000000
FUTSTKIEX28-NOV-2024,161.1400000,160.4100000,163.2100000,160.4100000,162.9200000,162.9200000,1.1000000,10937.0000000,8340000.0000000,2224.0000000,1350226800.0000000
FUTSTKBATAINDIA30-JAN-2025,1263.0500000,1265.0000000,1294.2500000,1262.4500000,1293.0500000,1293.0500000,2.3700000,358.0000000,24750.0000000,66.0000000,31772418.7500000
FUTSTKIGL26-DEC-2024,313.4000000,318.1500000,320.3500000,313.8500000,316.2000000,316.2000000,0.8900000,4510.0000000,134750.0000000,98.0000000,42763943.7500000
FUTSTKGRASIM28-NOV-2024,2537.6500000,2548.1500000,2609.9000000,2538.6500000,2594.2000000,2594.2000000,2.2200000,34665.0000000,2040500.0000000,8162.0000000,5281960887.5000000
FUTSTKPERSISTENT28-NOV-2024,5733.0500000,5751.1000000,5864.0000000,5751.0000000,5804.7500000,5804.7500000,1.2500000,13530.0000000,930200.0000000,9302.0000000,5399601390.0000000
FUTSTKCOLPAL30-JAN-2025,2725.3500000,2746.8500000,2758.8500000,2725.8000000,2754.9500000,2754.9500000,1.0800000,101.0000000,2975.0000000,17.0000000,8158228.7500000
FUTSTKCROMPTON26-DEC-2024,384.5000000,384.9500000,396.9500000,384.0000000,395.4000000,395.4000000,2.8300000,841.0000000,1285200.0000000,714.0000000,503638740.0000000
FUTSTKBANDHANBNK30-JAN-2025,167.8600000,169.2400000,172.9500000,169.0200000,172.1000000,172.1000000,2.5200000,559.0000000,294000.0000000,105.0000000,50344700.0000000
FUTSTKHEROMOTOCO30-JAN-2025,4801.7000000,4805.0000000,4852.4500000,4797.5000000,4844.9000000,4844.9000000,0.8900000,167.0000000,6600.0000000,44.0000000,31923337.5000000
FUTSTKMFSL30-JAN-2025,1175.0000000,1172.0000000,1175.5000000,1157.0000000,1169.4500000,1169.4500000,-0.4700000,14.0000000,5600.0000000,7.0000000,6545080.0000000
FUTSTKHINDUNILVR30-JAN-2025,2414.0500000,2416.1000000,2478.4000000,2415.0000000,2472.0500000,2472.0500000,2.4000000,297.0000000,37500.0000000,125.0000000,92068560.0000000
FUTSTKICICIPRULI30-JAN-2025,687.4000000,692.9000000,695.6000000,689.4500000,694.4000000,694.4000000,1.0100000,39.0000000,15750.0000000,21.0000000,10917337.5000000
FUTSTKRECLTD30-JAN-2025,497.0500000,498.0000000,517.3000000,497.0500000,513.1000000,513.1000000,3.2200000,474.0000000,457000.0000000,457.0000000,232810200.0000000
FUTSTKDLF30-JAN-2025,784.4500000,794.5000000,818.4000000,794.5000000,812.7000000,812.7000000,3.6000000,294.0000000,197175.0000000,239.0000000,160057672.5000000
FUTSTKASHOKLEY30-JAN-2025,220.7200000,221.5000000,226.3000000,221.5000000,225.9100000,225.9100000,2.3500000,306.0000000,237500.0000000,95.0000000,53462225.0000000
FUTSTKDIXON30-JAN-2025,15182.8500000,15192.2000000,15640.0000000,15125.7500000,15560.3000000,15560.3000000,2.4800000,312.0000000,12650.0000000,253.0000000,193755765.0000000
FUTSTKOFSS30-JAN-2025,11263.3500000,11510.0000000,11710.0000000,11510.0000000,11695.0000000,11695.0000000,3.8300000,96.0000000,1300.0000000,26.0000000,15089962.5000000
FUTSTKWIPRO30-JAN-2025,562.4500000,565.5000000,578.0000000,565.1500000,576.6500000,576.6500000,2.5200000,168.0000000,219000.0000000,146.0000000,125714325.0000000
FUTSTKEICHERMOT30-JAN-2025,4954.1000000,4942.8000000,5048.0000000,4940.0000000,5037.8500000,5037.8500000,1.6900000,106.0000000,4200.0000000,24.0000000,20916953.7500000
FUTSTKTRENT30-JAN-2025,6530.3500000,6527.4500000,6759.2500000,6522.5000000,6730.7500000,6730.7500000,3.0600000,456.0000000,14900.0000000,149.0000000,99771290.0000000
FUTSTKLALPATHLAB30-JAN-2025,3065.5500000,3080.0000000,3080.0000000,3078.0000000,3078.0000000,3078.0000000,0.4000000,11.0000000,450.0000000,3.0000000,1385700.0000000
FUTSTKLTF26-DEC-2024,138.1400000,138.5600000,141.4200000,138.0500000,140.2000000,140.2000000,1.4900000,3464.0000000,5742594.0000000,1287.0000000,804059851.5400000
FUTSTKLTF28-NOV-2024,137.4800000,136.5200000,140.7000000,136.5200000,139.4500000,139.4500000,1.4300000,12812.0000000,11922464.0000000,2672.0000000,1660726950.8000000
FUTSTKGNFC30-JAN-2025,562.8000000,0.0000000,0.0000000,0.0000000,,571.5000000,1.5400000,54.0000000,0.0000000,0.0000000,0.0000000
FUTSTKCOLPAL26-DEC-2024,2709.6000000,2705.0500000,2749.1500000,2687.1000000,2740.2500000,2740.2500000,1.1300000,2509.0000000,262150.0000000,1498.0000000,714392490.0000000
FUTSTKCHOLAFIN30-JAN-2025,1221.4500000,1226.1000000,1235.0000000,1221.7500000,1225.7500000,1225.7500000,0.3500000,78.0000000,10625.0000000,17.0000000,13040500.0000000
FUTSTKBANDHANBNK26-DEC-2024,166.7000000,167.8200000,171.8500000,167.6700000,170.8800000,170.8800000,2.5000000,11486.0000000,12586000.0000000,4495.0000000,2135621236.0000000
FUTSTKAXISBANK30-JAN-2025,1153.9500000,1153.5000000,1161.0000000,1144.5000000,1155.5000000,1155.5000000,0.1300000,174.0000000,76250.0000000,122.0000000,87831593.7500000
FUTIDXNIFTY26-DEC-2024,23501.9500000,23575.0000000,24095.0000000,23529.9500000,24022.9000000,24022.9000000,2.2100000,93885.0000000,2564375.0000000,102575.0000000,61230847651.2500000
FUTIDXFINNIFTY31-DEC-2024,23419.5000000,23496.2500000,23799.0000000,23496.2500000,23727.4000000,23727.4000000,1.3100000,374.0000000,8750.0000000,350.0000000,207113008.7500000
FUTSTKICICIGI26-DEC-2024,1818.3000000,1818.3000000,1865.4000000,1818.3000000,1847.9500000,1847.9500000,1.6300000,581.0000000,122750.0000000,491.0000000,227020387.5000000
FUTSTKBOSCHLTD30-JAN-2025,34355.1500000,0.0000000,0.0000000,0.0000000,,34758.6500000,1.1700000,38.0000000,0.0000000,0.0000000,0.0000000
FUTSTKMUTHOOTFIN28-NOV-2024,1896.9500000,1919.4500000,1932.2000000,1901.1500000,1925.1000000,1925.1000000,1.4800000,16583.0000000,1011725.0000000,3679.0000000,1943203020.0000000
FUTSTKSUNTV28-NOV-2024,718.0000000,721.3000000,740.9000000,717.4000000,735.5500000,735.5500000,2.4400000,6169.0000000,1452750.0000000,1937.0000000,1063450687.5000000
FUTSTKTATAMOTORS28-NOV-2024,773.2000000,776.5000000,793.7500000,773.7000000,790.1000000,790.1000000,2.1800000,144052.0000000,18308950.0000000,33289.0000000,14355458150.0000000
FUTSTKINDUSINDBK30-JAN-2025,995.2500000,999.0000000,1014.8500000,999.0000000,1011.0000000,1011.0000000,1.5800000,1160.0000000,139000.0000000,278.0000000,140128275.0000000
FUTSTKSYNGENE26-DEC-2024,851.1000000,853.0500000,875.9500000,853.0500000,874.2500000,874.2500000,2.7200000,413.0000000,334000.0000000,334.0000000,289495750.0000000
FUTSTKPOLYCAB30-JAN-2025,6486.7500000,6565.0000000,6715.0000000,6565.0000000,6703.7000000,6703.7000000,3.3400000,80.0000000,4625.0000000,37.0000000,30869312.5000000
FUTIDXNIFTYNXT5031-JAN-2025,67948.8500000,68868.6000000,68868.6000000,68405.2000000,68405.2000000,68903.0500000,1.4000000,69.0000000,30.0000000,3.0000000,2061418.0000000
FUTSTKASHOKLEY28-NOV-2024,219.4000000,220.3200000,225.3000000,219.3000000,224.3600000,224.3500000,2.2500000,26012.0000000,16020000.0000000,6408.0000000,3582232175.0000000
FUTSTKBEL28-NOV-2024,275.1000000,278.1000000,283.8000000,275.2000000,280.9000000,280.9000000,2.1000000,35511.0000000,26094600.0000000,9156.0000000,7313942317.5000000
FUTSTKMUTHOOTFIN30-JAN-2025,1916.0000000,1926.0000000,1945.0000000,1926.0000000,1945.0000000,1945.0000000,1.5100000,30.0000000,2200.0000000,8.0000000,4262555.0000000
FUTSTKGNFC28-NOV-2024,557.4500000,558.0000000,564.9500000,557.5000000,563.4500000,563.4500000,1.0700000,4154.0000000,84500.0000000,65.0000000,47527610.0000000
FUTSTKSBIN26-DEC-2024,784.5000000,788.9500000,823.8000000,788.0500000,819.3500000,819.3500000,4.4400000,37261.0000000,25925250.0000000,34567.0000000,21152793825.0000000
FUTSTKIPCALAB26-DEC-2024,1573.6500000,1585.2500000,1602.9500000,1569.5500000,1598.4000000,1598.4000000,1.5700000,239.0000000,159250.0000000,245.0000000,252987637.5000000
FUTSTKMETROPOLIS28-NOV-2024,2022.2000000,2000.1500000,2077.0000000,2000.1500000,2065.9500000,2065.9500000,2.1600000,2825.0000000,430000.0000000,1075.0000000,883307400.0000000
FUTSTKASIANPAINT28-NOV-2024,2428.8000000,2430.8000000,2493.1500000,2423.2000000,2478.1500000,2478.1500000,2.0300000,62018.0000000,3984000.0000000,19920.0000000,9827269270.0000000
FUTSTKTATACOMM28-NOV-2024,1711.5000000,1702.8000000,1747.5000000,1702.6000000,1741.4000000,1741.4000000,1.7400000,21144.0000000,825500.0000000,3302.0000000,1426919312.5000000
FUTSTKTATACOMM30-JAN-2025,1733.8000000,1725.0000000,1752.5000000,1725.0000000,1752.5000000,1760.4500000,1.5300000,36.0000000,1750.0000000,7.0000000,3040837.5000000
FUTSTKCHAMBLFERT30-JAN-2025,461.3500000,462.3000000,470.0000000,462.3000000,469.2500000,469.2500000,1.7100000,60.0000000,20900.0000000,11.0000000,9748710.0000000
FUTSTKHCLTECH30-JAN-2025,1843.8000000,1857.0000000,1911.4000000,1857.0000000,1908.9000000,1908.9000000,3.5300000,105.0000000,55650.0000000,159.0000000,105622055.0000000
FUTSTKABB26-DEC-2024,6809.1000000,6794.7000000,6987.9500000,6794.7000000,6950.9500000,6950.9500000,2.0800000,2098.0000000,194000.0000000,1552.0000000,1343930306.2500000
FUTSTKCOALINDIA26-DEC-2024,409.0000000,410.9000000,418.5500000,409.5000000,416.5500000,416.5500000,1.8400000,7151.0000000,4437300.0000000,4226.0000000,1841310817.5000000
FUTSTKGLENMARK28-NOV-2024,1464.9000000,1460.0000000,1489.4500000,1452.0000000,1476.7500000,1476.7500000,0.8000000,4872.0000000,1508725.0000000,2081.0000000,2220819746.2500000
FUTSTKBSOFT30-JAN-2025,552.0000000,557.0500000,570.0000000,555.7500000,568.9500000,568.9500000,3.0700000,124.0000000,154000.0000000,154.0000000,87106600.0000000
FUTSTKBHARATFORG30-JAN-2025,1312.5000000,1325.0000000,1343.3000000,1323.0000000,1334.8000000,1334.8000000,1.6900000,56.0000000,5000.0000000,10.0000000,6674200.0000000
FUTSTKCOFORGE28-NOV-2024,8218.1000000,8226.9500000,8332.6000000,8207.6000000,8317.3500000,8317.3500000,1.2000000,27340.0000000,633075.0000000,8441.0000000,5244131392.5000000
FUTSTKHDFCBANK28-NOV-2024,1737.9000000,1741.9500000,1751.0000000,1728.5500000,1741.7000000,1741.7000000,0.2100000,233329.0000000,31929700.0000000,58054.0000000,55552064755.0000000
FUTSTKHINDPETRO28-NOV-2024,360.3000000,360.3500000,365.2500000,358.0500000,360.4500000,360.4500000,0.0400000,18044.0000000,8614350.0000000,4254.0000000,3113709457.5000000
FUTSTKBHEL28-NOV-2024,227.7500000,228.5900000,236.3100000,226.5200000,234.3100000,234.3000000,2.8700000,30686.0000000,26966625.0000000,10273.0000000,6260369010.0000000
FUTSTKHAVELLS26-DEC-2024,1648.2000000,1655.8500000,1688.9000000,1646.0500000,1677.7500000,1677.7500000,1.7900000,1133.0000000,492000.0000000,984.0000000,823355450.0000000
FUTSTKHAL28-NOV-2024,3990.7000000,4001.8000000,4131.9500000,3991.6000000,4114.1500000,4114.1500000,3.0900000,67984.0000000,2167050.0000000,14447.0000000,8847765877.5000000
FUTSTKABCAPITAL30-JAN-2025,185.6200000,186.5800000,189.9000000,186.5800000,188.9400000,188.9400000,1.7800000,198.0000000,97200.0000000,36.0000000,18348660.0000000
FUTSTKSAIL30-JAN-2025,112.0700000,112.0000000,115.1300000,111.8900000,114.2000000,114.2000000,1.9000000,1061.0000000,440000.0000000,110.0000000,50047400.0000000
FUTSTKESCORTS26-DEC-2024,3471.1500000,3481.3000000,3549.9000000,3479.7000000,3527.3500000,3527.3500000,1.6100000,548.0000000,124850.0000000,454.0000000,439494673.7500000
FUTSTKITC28-NOV-2024,457.4500000,456.9500000,475.7500000,456.0500000,474.0500000,474.0500000,3.6200000,61049.0000000,29270400.0000000,18294.0000000,13663664160.0000000
FUTSTKGAIL26-DEC-2024,189.6900000,189.9100000,194.9000000,189.6900000,194.0300000,194.0300000,2.2800000,2913.0000000,8916675.0000000,1949.0000000,1718776992.0000000
FUTSTKMCX30-JAN-2025,6210.0000000,6240.5000000,6289.0000000,6240.5000000,6250.0000000,6250.0000000,0.6400000,78.0000000,600.0000000,6.0000000,3753930.0000000
FUTSTKCHAMBLFERT26-DEC-2024,458.3500000,461.1500000,468.4000000,457.9000000,467.2000000,467.2000000,1.9300000,592.0000000,1189400.0000000,626.0000000,552116250.0000000
FUTSTKABBOTINDIA30-JAN-2025,27468.8500000,27900.0500000,28019.3500000,27900.0000000,28019.3500000,28019.3500000,2.0000000,10.0000000,180.0000000,9.0000000,5034724.0000000
FUTSTKTVSMOTOR28-NOV-2024,2393.4500000,2395.1000000,2429.9000000,2364.9500000,2418.1000000,2418.1000000,1.0200000,23735.0000000,1382150.0000000,3949.0000000,3313694002.5000000
FUTSTKIDEA30-JAN-2025,7.0300000,7.0100000,7.0100000,6.7100000,6.7900000,6.7900000,-3.4100000,1090.0000000,15840000.0000000,396.0000000,108383600.0000000
FUTSTKM&M30-JAN-2025,2972.9000000,2983.6500000,3099.9500000,2941.3000000,3049.8500000,3049.8500000,2.5800000,256.0000000,56000.0000000,320.0000000,168712626.2500000
FUTSTKPFC30-JAN-2025,454.1000000,459.4500000,480.0500000,458.5000000,478.8000000,478.8000000,5.4300000,414.0000000,366600.0000000,282.0000000,173150835.0000000
FUTSTKJSWSTEEL28-NOV-2024,943.5000000,938.4500000,979.5000000,938.4500000,975.6000000,975.6000000,3.4000000,36483.0000000,5584950.0000000,8274.0000000,5397115218.7500000
FUTSTKZYDUSLIFE30-JAN-2025,955.8500000,955.0000000,962.2000000,953.5000000,961.2500000,961.2500000,0.5600000,69.0000000,13500.0000000,15.0000000,12936690.0000000
FUTSTKPEL26-DEC-2024,1059.6000000,1064.4500000,1100.0000000,1059.5500000,1092.1000000,1092.1000000,3.0600000,2838.0000000,2106000.0000000,2808.0000000,2294620762.5000000
FUTSTKVEDL28-NOV-2024,442.5500000,443.2000000,448.6500000,440.6500000,445.0500000,445.0500000,0.5600000,81658.0000000,19532750.0000000,16985.0000000,8706426095.0000000
FUTSTKMANAPPURAM30-JAN-2025,152.4300000,153.1000000,153.6000000,151.3000000,153.4800000,153.4800000,0.6800000,152.0000000,87000.0000000,29.0000000,13262400.0000000
FUTSTKADANIPORTS30-JAN-2025,1126.5000000,1070.0000000,1166.5000000,1055.2000000,1150.0000000,1150.0000000,2.0800000,611.0000000,388800.0000000,972.0000000,439653560.0000000
FUTSTKUNITDSPR26-DEC-2024,1498.9500000,1503.3000000,1512.8000000,1495.6000000,1505.7500000,1505.7500000,0.4500000,5481.0000000,1809150.0000000,5169.0000000,2723999705.0000000
FUTSTKRAMCOCEM30-JAN-2025,920.0000000,927.0000000,960.2500000,926.5000000,953.3500000,953.3500000,3.6200000,33.0000000,31450.0000000,37.0000000,29657392.5000000
FUTSTKHAVELLS28-NOV-2024,1638.7500000,1658.0500000,1679.3000000,1633.8000000,1668.5000000,1668.5000000,1.8100000,19597.0000000,1669500.0000000,3339.0000000,2778026750.0000000
FUTSTKCUB28-NOV-2024,169.9900000,169.8200000,173.2900000,169.8200000,171.8500000,171.8500000,1.0900000,5991.0000000,7655000.0000000,1531.0000000,1317574600.0000000
FUTSTKINDHOTEL30-JAN-2025,794.0500000,793.6000000,808.0000000,793.6000000,806.9000000,806.9000000,1.6100000,219.0000000,78000.0000000,78.0000000,62467750.0000000
FUTSTKHAVELLS30-JAN-2025,1661.0000000,1661.0000000,1695.4000000,1661.0000000,1686.0000000,1686.0000000,1.5000000,31.0000000,10500.0000000,21.0000000,17642875.0000000
FUTSTKIGL30-JAN-2025,312.8500000,320.8500000,320.8500000,314.5000000,317.6500000,316.6500000,1.2100000,646.0000000,13750.0000000,10.0000000,4353525.0000000
FUTSTKAARTIIND28-NOV-2024,425.2000000,425.0500000,436.0500000,424.6000000,433.6000000,433.6000000,1.9700000,15622.0000000,261000.0000000,261.0000000,112172650.0000000
FUTSTKABCAPITAL28-NOV-2024,183.2800000,184.3909009,187.5500000,183.6200000,186.5800000,186.5800000,1.8000000,22395.0000000,8202600.0000000,3038.0000000,1525431798.0000000
FUTSTKCANBK26-DEC-2024,95.0709009,95.7300000,98.3500000,95.5709009,97.4300000,97.4300000,2.4800000,8112.0000000,31961250.0000000,4735.0000000,3113819482.5000000
FUTSTKPERSISTENT26-DEC-2024,5759.7000000,5810.7000000,5895.0000000,5787.5000000,5839.1500000,5839.1500000,1.3700000,3697.0000000,391800.0000000,3918.0000000,2286783825.0000000
FUTSTKABFRL30-JAN-2025,288.1000000,0.0000000,0.0000000,0.0000000,,292.2500000,1.4400000,50.0000000,0.0000000,0.0000000,0.0000000
FUTSTKLTIM30-JAN-2025,6000.0000000,6069.8000000,6210.0000000,6067.4000000,6193.5500000,6193.5500000,3.2200000,58.0000000,9900.0000000,66.0000000,60852097.5000000
FUTSTKBOSCHLTD28-NOV-2024,34068.4500000,33969.6000000,34572.1500000,33969.6000000,34414.8500000,34414.8500000,1.0100000,9861.0000000,39875.0000000,1595.0000000,1369211376.2500000
FUTSTKTATACHEM30-JAN-2025,1055.9500000,1066.0000000,1080.0000000,1057.0000000,1079.3500000,1083.6500000,2.6200000,85.0000000,9350.0000000,17.0000000,10007002.5000000
FUTSTKPAGEIND30-JAN-2025,45026.8000000,44800.0000000,45500.0000000,44800.0000000,45500.0000000,45500.0000000,1.0500000,21.0000000,90.0000000,6.0000000,4060867.5000000
FUTSTKCROMPTON30-JAN-2025,387.4000000,388.7000000,398.3500000,386.8500000,397.0000000,397.0000000,2.4700000,25.0000000,12600.0000000,7.0000000,4942260.0000000
FUTSTKTATACONSUM30-JAN-2025,925.6000000,926.4000000,957.6500000,926.4000000,955.6500000,955.6500000,3.2400000,154.0000000,32832.0000000,72.0000000,31088506.8000000
FUTSTKITC30-JAN-2025,460.8000000,459.5000000,478.6500000,459.5000000,476.9000000,476.9000000,3.4900000,417.0000000,513600.0000000,321.0000000,240809760.0000000
FUTSTKRELIANCE30-JAN-2025,1239.9500000,1241.9500000,1285.0000000,1241.0000000,1282.1500000,1282.1500000,3.4000000,4449.0000000,956000.0000000,1912.0000000,1207259950.0000000
FUTSTKASTRAL30-JAN-2025,1736.2500000,1743.0000000,1785.3000000,1731.8500000,1783.0000000,1783.0000000,2.6900000,89.0000000,16515.0000000,45.0000000,29266983.8500000
FUTSTKSRF30-JAN-2025,2164.0000000,2159.5000000,2195.6000000,2159.5000000,2191.9000000,2191.9000000,1.2800000,86.0000000,8250.0000000,22.0000000,18009393.7500000
FUTSTKTATAPOWER26-DEC-2024,410.5000000,415.3000000,419.0000000,411.2000000,416.1000000,416.1000000,1.3600000,13549.0000000,13041000.0000000,9660.0000000,5418641002.5000000
FUTSTKABBOTINDIA26-DEC-2024,27237.5500000,27249.7000000,27920.4500000,27249.7000000,27872.8500000,27872.8500000,2.3300000,1498.0000000,8120.0000000,406.0000000,225307316.0000000
FUTSTKINFY30-JAN-2025,1852.6000000,1866.6500000,1931.5000000,1859.0000000,1918.7000000,1918.7000000,3.5600000,337.0000000,114400.0000000,286.0000000,217311360.0000000
FUTSTKGNFC26-DEC-2024,563.0000000,563.0500000,568.0000000,562.8000000,567.7500000,567.7500000,0.8400000,832.0000000,11700.0000000,9.0000000,6617845.0000000
FUTSTKPEL30-JAN-2025,1068.7000000,1086.3000000,1103.0000000,1077.2000000,1099.2500000,1099.2500000,2.8500000,42.0000000,20250.0000000,27.0000000,22156612.5000000
FUTSTKBAJAJ-AUTO26-DEC-2024,9540.1000000,9600.0000000,9665.9000000,9500.0000000,9548.5000000,9548.5000000,0.0800000,4380.0000000,383475.0000000,5113.0000000,3674168152.5000000
FUTSTKPIDILITIND30-JAN-2025,2976.3500000,2975.5500000,3003.0500000,2975.2000000,3003.0500000,2994.5000000,0.6000000,26.0000000,3500.0000000,14.0000000,10489737.5000000
FUTSTKGUJGASLTD30-JAN-2025,453.5500000,456.0000000,465.5000000,456.0000000,465.5000000,467.8000000,3.1400000,104.0000000,50000.0000000,40.0000000,23027250.0000000
FUTSTKBPCL28-NOV-2024,282.8000000,282.8000000,286.9500000,281.0000000,285.6000000,285.6000000,0.9900000,33885.0000000,16290000.0000000,9050.0000000,4623518160.0000000
FUTSTKMOTHERSON28-NOV-2024,161.9300000,163.1300000,166.1300000,162.4200000,165.3900000,165.3900000,2.1300000,26673.0000000,16944150.0000000,4773.0000000,2790818051.5000000
FUTSTKJKCEMENT30-JAN-2025,4055.1000000,4155.1500000,4155.1500000,4155.1500000,4155.1500000,4188.9000000,3.2900000,59.0000000,125.0000000,1.0000000,519393.7500000
FUTSTKTCS30-JAN-2025,4103.2500000,4099.7500000,4279.9000000,4099.7500000,4265.5500000,4265.5500000,3.9500000,344.0000000,75600.0000000,432.0000000,317945433.7500000
FUTSTKSBILIFE30-JAN-2025,1495.7000000,1503.0000000,1515.5500000,1498.0000000,1504.5500000,1504.5500000,0.5900000,78.0000000,9750.0000000,26.0000000,14709937.5000000
FUTSTKHINDCOPPER30-JAN-2025,264.9000000,0.0000000,0.0000000,0.0000000,,266.8000000,0.7100000,47.0000000,0.0000000,0.0000000,0.0000000
FUTSTKJKCEMENT26-DEC-2024,4030.5000000,4025.8000000,4169.1500000,4025.8000000,4160.6000000,4160.6000000,3.2200000,848.0000000,74375.0000000,595.0000000,306723468.7500000
FUTSTKUPL26-DEC-2024,557.8500000,558.3500000,572.4000000,550.1000000,568.5500000,568.5500000,1.9100000,3436.0000000,3647800.0000000,2806.0000000,2052127675.0000000
FUTSTKCONCOR26-DEC-2024,773.7500000,773.9000000,797.6500000,772.6000000,793.5500000,793.5500000,2.5500000,3173.0000000,1605000.0000000,1605.0000000,1263473900.0000000
FUTSTKTITAN30-JAN-2025,3215.2500000,3211.6500000,3349.8500000,3211.6500000,3340.5000000,3340.5000000,3.8900000,617.0000000,67375.0000000,385.0000000,222047008.7500000
FUTSTKLTIM28-NOV-2024,5924.9500000,5935.0500000,6147.9500000,5927.3000000,6124.4500000,6124.4500000,3.3600000,15620.0000000,638400.0000000,4256.0000000,3873637050.0000000
FUTSTKLT30-JAN-2025,3526.1500000,3540.0000000,3659.0000000,3526.1500000,3651.3000000,3651.3000000,3.5400000,555.0000000,43350.0000000,289.0000000,156306877.5000000
FUTSTKNTPC30-JAN-2025,361.1000000,363.3500000,370.2500000,360.9000000,369.5000000,369.5000000,2.3200000,295.0000000,198000.0000000,132.0000000,72402750.0000000
FUTSTKAPOLLOTYRE30-JAN-2025,487.5500000,466.0000000,479.9000000,465.0000000,475.9000000,475.9000000,-2.3800000,90.0000000,47600.0000000,28.0000000,22512590.0000000
FUTSTKDIVISLAB30-JAN-2025,6007.1000000,6060.0000000,6094.7500000,6053.7000000,6070.3500000,6070.3500000,1.0500000,98.0000000,2200.0000000,22.0000000,13357400.0000000
FUTSTKHINDCOPPER28-NOV-2024,262.8500000,263.0000000,268.0500000,263.0000000,264.3500000,264.3500000,0.5700000,13639.0000000,243800.0000000,92.0000000,64808135.0000000
FUTSTKTATACONSUM26-DEC-2024,918.2000000,923.0000000,952.2000000,919.5500000,948.9000000,948.9000000,3.3400000,2872.0000000,811680.0000000,1780.0000000,764798206.8000000
FUTSTKPAGEIND28-NOV-2024,44420.2000000,44400.5000000,45296.1000000,44360.2000000,45011.1000000,45011.1000000,1.3300000,11658.0000000,85515.0000000,5701.0000000,3834695088.7500000
FUTSTKGMRINFRA28-NOV-2024,76.9200000,78.0000000,79.5600000,77.0000000,79.0200000,79.0200000,2.7300000,47312.0000000,44887500.0000000,7980.0000000,3529356300.0000000
FUTSTKSUNPHARMA30-JAN-2025,1798.0000000,1797.2500000,1821.0000000,1797.2500000,1821.0000000,1818.6000000,1.1400000,66.0000000,1050.0000000,3.0000000,1898347.5000000
FUTIDXBANKNIFTY29-JAN-2025,51063.4000000,51199.0000000,51915.0000000,51177.6500000,51747.3000000,51747.3000000,1.3300000,8255.0000000,78225.0000000,5215.0000000,4038613976.2500000
FUTSTKLAURUSLABS30-JAN-2025,495.5000000,499.0500000,522.3000000,499.0000000,518.6000000,518.6000000,4.6600000,78.0000000,81600.0000000,48.0000000,41820935.0000000
FUTSTKTATAMOTORS30-JAN-2025,783.1500000,786.2500000,803.6500000,785.0000000,800.6500000,800.6500000,2.2300000,4346.0000000,641850.0000000,1167.0000000,509294610.0000000
FUTSTKRAMCOCEM28-NOV-2024,915.1000000,920.9500000,954.8500000,917.5000000,948.2000000,948.2000000,3.6100000,9594.0000000,3743400.0000000,4404.0000000,3515530087.5000000
FUTSTKNTPC28-NOV-2024,356.5000000,358.7500000,366.4500000,356.0000000,365.2000000,365.2000000,2.4400000,63221.0000000,28588500.0000000,19059.0000000,10365373950.0000000
FUTSTKPNB26-DEC-2024,97.0600000,97.9000000,100.9609009,97.8500000,100.4500000,100.4500000,3.4900000,10831.0000000,57496000.0000000,7187.0000000,5766457680.0000000
FUTSTKRECLTD28-NOV-2024,490.9000000,495.1000000,511.7500000,490.5500000,506.7000000,506.7000000,3.2100000,43953.0000000,20182000.0000000,20182.0000000,10160796800.0000000
FUTSTKBIOCON30-JAN-2025,328.2500000,328.1500000,336.1000000,328.1500000,336.1000000,335.7500000,2.2800000,233.0000000,55000.0000000,22.0000000,18264500.0000000
FUTSTKGLENMARK30-JAN-2025,1477.7500000,1504.6500000,1508.0000000,1479.9500000,1484.0000000,1497.2000000,1.3100000,39.0000000,27300.0000000,84.0000000,40621311.2500000
FUTSTKGRANULES26-DEC-2024,547.3500000,557.5000000,564.6500000,557.5000000,560.8000000,560.8000000,2.4500000,1455.0000000,15000.0000000,15.0000000,8415850.0000000
FUTSTKICICIPRULI28-NOV-2024,679.3500000,670.1000000,689.7000000,670.1000000,687.1500000,687.1500000,1.1400000,12366.0000000,1265250.0000000,1687.0000000,866157412.5000000
FUTSTKESCORTS28-NOV-2024,3450.4500000,3429.5000000,3533.4500000,3429.5000000,3506.2500000,3506.2500000,1.6100000,4266.0000000,362450.0000000,1318.0000000,1268044305.0000000
FUTSTKINDIAMART30-JAN-2025,2283.3000000,2280.9000000,2315.8000000,2280.9000000,2309.0000000,2309.0000000,1.1200000,65.0000000,4500.0000000,15.0000000,10347525.0000000
FUTSTKUBL30-JAN-2025,1851.7500000,1826.1500000,1856.5500000,1826.1500000,1856.5500000,1883.7500000,1.7200000,23.0000000,2000.0000000,5.0000000,3686820.0000000
FUTSTKTATASTEEL26-DEC-2024,141.1400000,141.6100000,144.1200000,140.6400000,143.6700000,143.6700000,1.7900000,9085.0000000,26394500.0000000,4799.0000000,3763554630.0000000
FUTSTKMETROPOLIS30-JAN-2025,2042.0000000,2078.0000000,2078.0000000,2078.0000000,2078.0000000,2078.0000000,1.7600000,8.0000000,400.0000000,1.0000000,831200.0000000
FUTSTKTORNTPHARM26-DEC-2024,3122.7000000,3151.8000000,3205.9000000,3149.6000000,3193.4500000,3193.4500000,2.2600000,314.0000000,71500.0000000,286.0000000,227472837.5000000
FUTSTKMOTHERSON30-JAN-2025,164.0200000,165.6700000,168.0000000,164.9500000,167.5000000,167.5000000,2.1200000,258.0000000,383400.0000000,108.0000000,63955238.0000000
FUTSTKJSWSTEEL30-JAN-2025,954.1500000,960.8500000,990.9500000,960.8500000,987.3000000,987.3000000,3.4700000,229.0000000,132975.0000000,197.0000000,130603961.2500000
FUTSTKDEEPAKNTR30-JAN-2025,2607.3500000,2621.0000000,2672.0000000,2619.9500000,2663.4500000,2663.4500000,2.1500000,157.0000000,22200.0000000,74.0000000,59012715.0000000
FUTSTKALKEM30-JAN-2025,5677.8000000,5548.6500000,5608.0000000,5548.6500000,5597.6500000,5597.6500000,-1.4100000,16.0000000,600.0000000,6.0000000,3348265.0000000
FUTSTKNAUKRI30-JAN-2025,7616.3500000,7780.0000000,8092.9500000,7780.0000000,8069.1000000,8069.1000000,5.9400000,91.0000000,3525.0000000,47.0000000,28234796.2500000
FUTSTKMOTHERSON26-DEC-2024,162.8500000,164.3100000,167.0600000,163.2600000,166.3100000,166.3100000,2.1200000,3204.0000000,7195850.0000000,2027.0000000,1192196606.5000000
FUTIDXFINNIFTY28-JAN-2025,23538.1000000,23524.4500000,23900.0000000,23524.4500000,23829.2500000,23829.2500000,1.2300000,32.0000000,825.0000000,33.0000000,19616760.0000000
FUTSTKTATAPOWER30-JAN-2025,413.4500000,418.5500000,421.0000000,414.0000000,418.6500000,418.6500000,1.2500000,1051.0000000,321300.0000000,238.0000000,134569755.0000000
FUTSTKPNB28-NOV-2024,96.4900000,97.2900000,100.4500000,97.2300000,99.8700000,99.8700000,3.5000000,26610.0000000,86872000.0000000,10859.0000000,8650679360.0000000
FUTSTKNMDC26-DEC-2024,219.1900000,220.7900000,223.7100000,219.7400000,222.0500000,222.0500000,1.3000000,4429.0000000,11862000.0000000,2636.0000000,2625816870.0000000
FUTSTKGODREJCP26-DEC-2024,1184.2000000,1187.0000000,1204.0500000,1182.2500000,1200.9500000,1200.9500000,1.4100000,797.0000000,269500.0000000,539.0000000,322373675.0000000
FUTSTKITC26-DEC-2024,460.3000000,461.0000000,478.5000000,458.6500000,476.9500000,476.9500000,3.6100000,8543.0000000,11734400.0000000,7334.0000000,5484655040.0000000
FUTSTKSAIL28-NOV-2024,110.6700000,111.2700000,113.8000000,110.3000000,112.8500000,112.8500000,1.9600000,29890.0000000,27508000.0000000,6877.0000000,3094857640.0000000
FUTSTKCOLPAL28-NOV-2024,2694.6000000,2680.1000000,2732.6000000,2669.9500000,2723.6500000,2723.6500000,1.0700000,25908.0000000,552825.0000000,3159.0000000,1498984453.7500000
FUTSTKMANAPPURAM28-NOV-2024,150.5900000,152.0500000,152.4200000,149.1500000,151.7700000,151.7700000,0.7800000,15695.0000000,8439000.0000000,2813.0000000,1275153030.0000000
FUTSTKAXISBANK26-DEC-2024,1147.2500000,1146.5500000,1154.7500000,1135.5500000,1149.3500000,1149.3500000,0.1800000,14271.0000000,8297500.0000000,13276.0000000,9494324781.2500000
FUTSTKMGL28-NOV-2024,1130.9500000,1155.0000000,1172.3000000,1125.0000000,1159.1500000,1159.1500000,2.4900000,6798.0000000,3158400.0000000,7896.0000000,3640023880.0000000
FUTSTKCOFORGE30-JAN-2025,8225.0000000,8250.0000000,8340.5500000,8240.0000000,8321.9000000,8321.9000000,1.1700000,133.0000000,3750.0000000,50.0000000,31113165.0000000
FUTSTKAUBANK30-JAN-2025,589.0000000,590.7000000,593.0000000,587.9000000,593.0000000,593.0000000,0.6700000,297.0000000,29000.0000000,29.0000000,17144650.0000000
FUTSTKAARTIIND26-DEC-2024,428.7500000,426.4000000,435.3500000,426.4000000,435.3500000,435.3500000,1.5300000,3406.0000000,3000.0000000,3.0000000,1294900.0000000
FUTSTKSUNTV30-JAN-2025,737.5500000,715.0000000,715.0000000,710.0000000,710.0000000,751.1500000,1.8400000,12.0000000,1500.0000000,2.0000000,1068750.0000000
FUTSTKHDFCLIFE30-JAN-2025,682.5500000,692.9000000,696.0000000,690.0000000,693.9500000,693.9500000,1.6700000,134.0000000,37400.0000000,34.0000000,25930355.0000000
FUTSTKHAL30-JAN-2025,4044.5500000,4044.5500000,4179.3500000,4043.0000000,4164.4000000,4164.4000000,2.9600000,862.0000000,56250.0000000,375.0000000,232174807.5000000
FUTSTKDABUR30-JAN-2025,512.3500000,513.5500000,521.0000000,512.0000000,519.6500000,519.6500000,1.4200000,273.0000000,122500.0000000,98.0000000,63516875.0000000
FUTSTKTORNTPHARM30-JAN-2025,3142.3500000,3199.5000000,3199.5000000,3199.5000000,3199.5000000,3199.5000000,1.8100000,1.0000000,250.0000000,1.0000000,799875.0000000
FUTSTKSBICARD26-DEC-2024,658.7500000,660.4500000,670.5500000,659.9000000,669.2000000,669.2000000,1.5800000,5006.0000000,1576800.0000000,1971.0000000,1049366040.0000000
FUTSTKNESTLEIND26-DEC-2024,2219.1500000,2220.9500000,2260.0000000,2218.9500000,2255.7000000,2255.7000000,1.6400000,4881.0000000,480400.0000000,2402.0000000,1079688580.0000000
FUTSTKSYNGENE30-JAN-2025,857.9500000,0.0000000,0.0000000,0.0000000,,880.4500000,2.6200000,21.0000000,0.0000000,0.0000000,0.0000000
FUTSTKMPHASIS30-JAN-2025,2822.5000000,2850.0000000,2914.7000000,2850.0000000,2913.0000000,2913.0000000,3.2000000,32.0000000,5225.0000000,19.0000000,15082705.0000000
FUTSTKULTRACEMCO30-JAN-2025,11008.1500000,11160.0000000,11452.4000000,11160.0000000,11396.4000000,11396.4000000,3.5200000,315.0000000,3350.0000000,67.0000000,37801857.5000000
FUTSTKACC30-JAN-2025,2038.8500000,2031.0000000,2137.8500000,2031.0000000,2117.5500000,2117.5500000,3.8600000,93.0000000,16500.0000000,55.0000000,34538415.0000000
FUTSTKNESTLEIND30-JAN-2025,2232.4000000,2237.0500000,2271.0500000,2237.0500000,2266.6000000,2266.6000000,1.5300000,197.0000000,12400.0000000,62.0000000,28009480.0000000
FUTSTKIDFCFIRSTB28-NOV-2024,62.8300000,63.0700000,64.8890090,63.0100000,64.2300000,64.2300000,2.2200000,46580.0000000,76867500.0000000,10249.0000000,4948814700.0000000
FUTSTKOBEROIRLTY30-JAN-2025,1881.0000000,1902.0000000,1963.5000000,1871.4500000,1946.6500000,1946.6500000,3.4900000,54.0000000,26250.0000000,75.0000000,50522937.5000000
FUTSTKRAMCOCEM26-DEC-2024,918.4500000,925.0000000,958.1000000,920.7000000,951.7500000,951.7500000,3.6200000,1167.0000000,1232500.0000000,1450.0000000,1164957215.0000000
FUTSTKNTPC26-DEC-2024,358.7000000,360.0000000,368.5000000,358.5000000,367.6000000,367.6000000,2.4800000,10976.0000000,11770500.0000000,7847.0000000,4294373100.0000000
FUTSTKCONCOR28-NOV-2024,769.6500000,767.1500000,793.1500000,767.1500000,788.8000000,788.8000000,2.4800000,16729.0000000,3404000.0000000,3404.0000000,2664366400.0000000
FUTSTKINDUSINDBK28-NOV-2024,983.0500000,990.4500000,1003.3500000,981.9500000,998.1000000,998.1000000,1.5300000,81860.0000000,5999500.0000000,11999.0000000,5973010725.0000000
FUTIDXMIDCPNIFTY27-JAN-2025,12244.9000000,12291.0000000,12414.2000000,12264.9000000,12378.8000000,12378.8000000,1.0900000,384.0000000,7350.0000000,147.0000000,90799452.5000000
FUTSTKVEDL30-JAN-2025,447.7000000,448.7500000,453.4500000,447.5000000,450.7000000,450.7000000,0.6700000,430.0000000,54050.0000000,47.0000000,24340727.5000000
FUTSTKSHREECEM28-NOV-2024,24094.8000000,24299.7500000,24850.0000000,24159.6500000,24822.8000000,24822.8000000,3.0200000,12159.0000000,62925.0000000,2517.0000000,1547620432.5000000
FUTSTKCANBK30-JAN-2025,95.6900000,96.3900000,98.9200000,96.3900000,98.0800000,98.0800000,2.4900000,347.0000000,1242000.0000000,184.0000000,121776682.5000000
FUTSTKSBICARD30-JAN-2025,652.9500000,655.4000000,665.1500000,654.0500000,663.7500000,663.7500000,1.6500000,928.0000000,185600.0000000,232.0000000,122324360.0000000
FUTSTKPIIND30-JAN-2025,4192.6000000,4131.8500000,4170.0000000,4131.8500000,4170.0000000,4169.5000000,-0.5500000,28.0000000,250.0000000,2.0000000,1037731.2500000
FUTSTKIDFCFIRSTB26-DEC-2024,62.9600000,63.3300000,65.0290090,63.2300000,64.3900000,64.3900000,2.2700000,14168.0000000,37252500.0000000,4967.0000000,2403180975.0000000
FUTSTKBERGEPAINT26-DEC-2024,468.5000000,469.2500000,480.0000000,469.2500000,479.1000000,479.1000000,2.2600000,961.0000000,785400.0000000,595.0000000,373170204.0000000
FUTSTKLUPIN26-DEC-2024,2053.7000000,2050.2000000,2085.9500000,2050.2000000,2078.9500000,2078.9500000,1.2200000,1695.0000000,581825.0000000,1369.0000000,1204813757.5000000
FUTSTKADANIENT26-DEC-2024,2190.0000000,2100.0000000,2296.0000000,2051.5500000,2232.8500000,2232.8500000,1.9500000,19971.0000000,396300.0000000,1321.0000000,872007870.0000000
FUTSTKHINDALCO26-DEC-2024,651.0500000,653.3500000,660.5000000,650.3000000,654.5000000,654.5000000,0.5200000,5538.0000000,3963400.0000000,2831.0000000,2597476140.0000000
FUTSTKABB30-JAN-2025,6848.9500000,6826.0000000,7024.0000000,6826.0000000,6999.1500000,6999.1500000,2.1900000,118.0000000,6000.0000000,48.0000000,41754431.2500000
FUTSTKASIANPAINT30-JAN-2025,2452.3500000,2453.0500000,2513.0000000,2452.1000000,2498.5500000,2498.5500000,1.8800000,1318.0000000,65200.0000000,326.0000000,161971590.0000000
FUTSTKEICHERMOT28-NOV-2024,4888.4000000,4880.7000000,4999.0000000,4878.0000000,4978.2000000,4978.2000000,1.8300000,22650.0000000,865725.0000000,4947.0000000,4279810640.0000000
FUTSTKACC26-DEC-2024,2029.8000000,2018.6000000,2126.3000000,2015.8500000,2100.1500000,2100.1500000,3.4600000,1931.0000000,819000.0000000,2730.0000000,1718098695.0000000
FUTSTKIRCTC28-NOV-2024,792.6000000,798.0000000,810.7000000,790.5000000,807.6000000,807.6000000,1.8900000,17749.0000000,2391375.0000000,2733.0000000,1924169012.5000000
FUTSTKZYDUSLIFE26-DEC-2024,949.0500000,949.4500000,956.5000000,946.0000000,954.2500000,954.2500000,0.5400000,1949.0000000,804600.0000000,894.0000000,765765270.0000000
FUTSTKHINDPETRO30-JAN-2025,365.3500000,364.8000000,369.5000000,363.0000000,365.3500000,365.3500000,0.0000000,204.0000000,317925.0000000,157.0000000,116518398.7500000
FUTSTKBHARTIARTL30-JAN-2025,1543.7000000,1543.7500000,1592.1500000,1543.7500000,1590.2000000,1590.2000000,3.0100000,148.0000000,43225.0000000,91.0000000,67944475.0000000
FUTSTKDRREDDY26-DEC-2024,1200.4500000,1206.4500000,1229.0000000,1202.4000000,1221.5000000,1221.5000000,1.7500000,1526.0000000,472500.0000000,756.0000000,574690156.2500000
FUTSTKLALPATHLAB26-DEC-2024,3039.5000000,3044.3500000,3082.1000000,3040.5000000,3073.0500000,3073.0500000,1.1000000,322.0000000,36000.0000000,240.0000000,110214457.5000000
FUTSTKLICHSGFIN26-DEC-2024,614.0500000,616.9500000,622.5000000,610.0000000,621.0000000,621.0000000,1.1300000,3143.0000000,1816000.0000000,1816.0000000,1121409900.0000000
FUTSTKTATACOMM26-DEC-2024,1721.2000000,1716.0000000,1756.5000000,1709.7000000,1749.1000000,1749.1000000,1.6200000,1926.0000000,351250.0000000,1405.0000000,609267087.5000000
FUTSTKPEL28-NOV-2024,1053.9500000,1061.0000000,1095.8000000,1051.9500000,1085.6000000,1085.6000000,3.0000000,13058.0000000,3951750.0000000,5269.0000000,4273963387.5000000
FUTSTKHDFCLIFE26-DEC-2024,677.7500000,679.6500000,694.0000000,679.6500000,690.1500000,690.1500000,1.8200000,1587.0000000,1228700.0000000,1117.0000000,846892640.0000000
FUTSTKMRF26-DEC-2024,123915.4500000,124200.0000000,125499.9500000,123091.1000000,125404.4500000,125404.4500000,1.2000000,1282.0000000,5220.0000000,1044.0000000,650454371.0000000
FUTSTKCANBK28-NOV-2024,94.4700000,95.0900000,97.7900000,94.8100000,96.8400000,96.8400000,2.5000000,38952.0000000,61411500.0000000,9098.0000000,5946915172.5000000
FUTSTKOFSS28-NOV-2024,11123.7500000,11250.6000000,11619.0000000,11230.0000000,11535.8500000,11535.8500000,3.7000000,11753.0000000,235050.0000000,4701.0000000,2696875070.0000000
FUTSTKBAJFINANCE28-NOV-2024,6475.4000000,6465.9000000,6715.0000000,6455.0000000,6688.5500000,6688.5500000,3.2900000,62233.0000000,2179250.0000000,17434.0000000,14430115331.2500000
FUTSTKPVRINOX28-NOV-2024,1446.2500000,1455.0000000,1474.6500000,1435.1000000,1468.6500000,1468.6500000,1.5400000,8988.0000000,719576.0000000,1768.0000000,1048503143.6000000
FUTSTKBATAINDIA28-NOV-2024,1280.5000000,1279.6000000,1307.9500000,1276.1500000,1305.5500000,1305.5500000,1.9500000,8176.0000000,823500.0000000,2196.0000000,1064005068.7500000
FUTSTKAPOLLOHOSP28-NOV-2024,6731.8000000,6798.0000000,6938.0000000,6749.3500000,6922.3500000,6922.3500000,2.8300000,12577.0000000,708375.0000000,5667.0000000,4870017456.2500000
FUTSTKNESTLEIND28-NOV-2024,2206.4500000,2204.0000000,2248.5000000,2204.0000000,2243.4000000,2243.4000000,1.6700000,38879.0000000,1491600.0000000,7458.0000000,3333532020.0000000
FUTSTKBERGEPAINT28-NOV-2024,466.8500000,465.3000000,478.2000000,465.3000000,477.2500000,477.2500000,2.2200000,5552.0000000,1627560.0000000,1233.0000000,771031206.0000000
FUTSTKJSWSTEEL26-DEC-2024,949.1500000,951.0000000,985.0000000,945.0500000,981.0000000,981.0000000,3.3500000,2497.0000000,1540350.0000000,2282.0000000,1499532851.2500000
FUTSTKHDFCAMC26-DEC-2024,4242.4000000,4251.5500000,4268.7000000,4211.0500000,4253.3000000,4253.3000000,0.2500000,1987.0000000,330450.0000000,2203.0000000,1403693040.0000000
FUTSTKMRF28-NOV-2024,123345.5000000,123345.7500000,124887.9500000,122436.2000000,124757.5000000,124757.5000000,1.1400000,12193.0000000,13955.0000000,2791.0000000,1731202616.5000000
FUTSTKHCLTECH28-NOV-2024,1832.9000000,1831.8000000,1900.9000000,1831.8000000,1896.3000000,1896.3000000,3.4500000,34067.0000000,4952850.0000000,14151.0000000,9310298025.0000000
FUTSTKOBEROIRLTY28-NOV-2024,1897.5000000,1909.0000000,1959.8000000,1878.9500000,1941.7500000,1941.7500000,2.3300000,18085.0000000,2842000.0000000,8120.0000000,5457919040.0000000
FUTSTKHINDPETRO26-DEC-2024,362.3000000,363.0000000,367.1500000,360.2500000,362.6500000,362.6500000,0.0900000,2215.0000000,3092175.0000000,1527.0000000,1124100281.2500000
FUTSTKAXISBANK28-NOV-2024,1139.7500000,1139.9500000,1148.2000000,1128.8000000,1142.8500000,1142.8500000,0.2700000,91866.0000000,20395000.0000000,32632.0000000,23228731937.5000000
FUTSTKM&M28-NOV-2024,2938.9000000,2948.7500000,3068.0000000,2900.1500000,3016.2000000,3016.2000000,2.6300000,102739.0000000,8079225.0000000,46167.0000000,24118938383.7500000
FUTSTKAUROPHARMA26-DEC-2024,1227.5000000,1226.3000000,1238.1000000,1223.4500000,1231.9500000,1231.9500000,0.3600000,5258.0000000,2567950.0000000,4669.0000000,3158801772.5000000
FUTSTKBOSCHLTD26-DEC-2024,34209.1500000,34222.4500000,34699.0000000,34120.0000000,34534.1500000,34534.1500000,0.9500000,595.0000000,9825.0000000,393.0000000,338776875.0000000
FUTSTKBALKRISIND28-NOV-2024,2728.1500000,2754.9000000,2780.0000000,2715.5500000,2768.6000000,2768.6000000,1.4800000,6025.0000000,246600.0000000,822.0000000,680384715.0000000
FUTSTKICICIPRULI26-DEC-2024,683.2500000,684.6500000,693.1000000,682.3500000,691.0000000,691.0000000,1.1300000,1063.0000000,551250.0000000,735.0000000,379133400.0000000
FUTSTKCHOLAFIN26-DEC-2024,1213.5000000,1201.5000000,1228.5000000,1194.7500000,1218.1000000,1218.1000000,0.3700000,2421.0000000,1665625.0000000,2665.0000000,2029253593.7500000
FUTSTKGRANULES28-NOV-2024,544.9500000,554.1000000,563.0000000,551.5000000,558.7500000,558.7500000,2.5300000,15481.0000000,218000.0000000,218.0000000,121505900.0000000
FUTSTKAPOLLOTYRE26-DEC-2024,466.7000000,469.0500000,483.2500000,467.9000000,481.0000000,481.0000000,3.0600000,1391.0000000,1812200.0000000,1066.0000000,863256600.0000000
FUTSTKSIEMENS26-DEC-2024,6685.5000000,6689.6000000,7017.9000000,6689.6000000,6896.8500000,6896.8500000,3.1600000,2313.0000000,210750.0000000,2810.0000000,1455280173.7500000
FUTSTKNAUKRI28-NOV-2024,7529.7000000,7750.0000000,8022.3500000,7695.2500000,7990.7000000,7990.7000000,6.1200000,18771.0000000,895350.0000000,11938.0000000,7092259957.5000000
FUTSTKIEX26-DEC-2024,162.1900000,162.1900000,164.1700000,161.4800000,163.8400000,163.8400000,1.0100000,2345.0000000,4361250.0000000,1163.0000000,710271637.5000000
FUTSTKRELIANCE26-DEC-2024,1231.5500000,1237.5000000,1277.4000000,1232.0000000,1273.9500000,1273.9500000,3.4400000,64414.0000000,14930000.0000000,29860.0000000,18736141975.0000000
FUTSTKPFC26-DEC-2024,451.9500000,458.1000000,478.2500000,453.5000000,476.2000000,476.2000000,5.3600000,7761.0000000,9561500.0000000,7355.0000000,4496777870.0000000
FUTSTKEICHERMOT26-DEC-2024,4917.0500000,4933.8000000,5026.2500000,4908.0000000,5006.4000000,5006.4000000,1.8100000,2352.0000000,255500.0000000,1460.0000000,1270463792.5000000
FUTSTKHINDUNILVR28-NOV-2024,2380.1500000,2381.0500000,2448.9500000,2377.8500000,2442.2500000,2442.2500000,2.6000000,45972.0000000,3156900.0000000,10523.0000000,7637435715.0000000
FUTSTKPOWERGRID28-NOV-2024,325.4000000,325.4500000,336.9500000,324.1500000,336.3000000,336.3000000,3.3400000,41703.0000000,41722200.0000000,23179.0000000,13866516180.0000000
FUTSTKUBL28-NOV-2024,1819.6000000,1829.9000000,1872.9000000,1817.2000000,1861.3500000,1861.3500000,2.2900000,4383.0000000,486400.0000000,1216.0000000,899392840.0000000
FUTSTKINDIAMART26-DEC-2024,2269.2000000,2328.0000000,2328.0000000,2260.1500000,2295.2500000,2295.2500000,1.1400000,770.0000000,177600.0000000,592.0000000,406671045.0000000
FUTSTKNAVINFLUOR28-NOV-2024,3260.2500000,3277.1000000,3340.3000000,3262.6500000,3332.4500000,3332.4500000,2.2100000,8222.0000000,427875.0000000,2445.0000000,1412381652.5000000
FUTSTKGRASIM26-DEC-2024,2550.8500000,2558.0500000,2624.6000000,2552.9000000,2609.4000000,2609.4000000,2.2900000,3317.0000000,687250.0000000,2749.0000000,1788409475.0000000
FUTSTKCUMMINSIND28-NOV-2024,3283.8500000,3304.8000000,3344.6000000,3267.6500000,3324.6000000,3324.6000000,1.2400000,26656.0000000,1101000.0000000,7340.0000000,3649221945.0000000
FUTSTKJKCEMENT28-NOV-2024,4007.7500000,4015.5500000,4148.5500000,4000.8500000,4136.0000000,4136.0000000,3.2000000,4842.0000000,260875.0000000,2087.0000000,1065266950.0000000
FUTSTKINDIGO28-NOV-2024,4066.2000000,4075.0500000,4150.0000000,4057.5000000,4136.7500000,4136.7500000,1.7300000,47924.0000000,1397850.0000000,9319.0000000,5766564015.0000000
FUTSTKVOLTAS28-NOV-2024,1652.5500000,1666.6000000,1666.9000000,1637.4000000,1655.7000000,1655.7000000,0.1900000,31978.0000000,3646800.0000000,12156.0000000,6027292590.0000000
FUTSTKADANIPORTS28-NOV-2024,1113.1500000,1079.7000000,1154.4500000,1053.2500000,1135.0000000,1135.0000000,1.9600000,50688.0000000,27116400.0000000,67791.0000000,30127081380.0000000
FUTSTKPIIND28-NOV-2024,4138.9000000,4128.3000000,4184.4500000,4099.4000000,4127.2500000,4127.2500000,-0.2800000,10614.0000000,367625.0000000,2941.0000000,1519776393.7500000
FUTSTKBANKBARODA26-DEC-2024,229.6000000,231.7500000,238.9500000,230.4000000,237.0000000,237.0000000,3.2200000,7988.0000000,11433825.0000000,3909.0000000,2705942508.7500000
FUTSTKBHARTIARTL26-DEC-2024,1532.7500000,1539.0000000,1582.3000000,1532.0000000,1579.5500000,1579.5500000,3.0500000,11886.0000000,3118850.0000000,6566.0000000,4865870265.0000000
FUTSTKBRITANNIA26-DEC-2024,4834.8000000,4831.8000000,4902.8500000,4804.9500000,4880.0500000,4880.0500000,0.9300000,3559.0000000,260200.0000000,2602.0000000,1266421745.0000000
FUTSTKCHAMBLFERT28-NOV-2024,455.5500000,459.5500000,466.6000000,455.5500000,465.2000000,465.2000000,2.1100000,4840.0000000,2880400.0000000,1516.0000000,1330441180.0000000
FUTSTKAUBANK26-DEC-2024,589.5500000,591.3000000,593.9000000,588.2000000,592.6500000,592.6500000,0.5200000,3451.0000000,1985000.0000000,1985.0000000,1174021300.0000000
FUTSTKIRCTC26-DEC-2024,797.4500000,796.6000000,815.8000000,796.4000000,812.5500000,812.5500000,1.8900000,3001.0000000,1092875.0000000,1249.0000000,885008337.5000000
FUTSTKMCX28-NOV-2024,6184.9500000,6214.6500000,6266.3500000,6167.0000000,6214.6000000,6214.6000000,0.4700000,13085.0000000,382700.0000000,3827.0000000,2380153710.0000000
FUTSTKNAVINFLUOR26-DEC-2024,3279.0000000,3297.3000000,3358.8500000,3278.3500000,3350.8000000,3350.8000000,2.1800000,2404.0000000,328475.0000000,1877.0000000,1089853738.7500000
FUTSTKEXIDEIND28-NOV-2024,415.4500000,417.5500000,424.7000000,414.2500000,423.5000000,423.5000000,1.9300000,14937.0000000,5148000.0000000,2860.0000000,2168757540.0000000
FUTSTKMANAPPURAM26-DEC-2024,151.4200000,153.5100000,153.5100000,150.1000000,152.7200000,152.7200000,0.8500000,4789.0000000,4203000.0000000,1401.0000000,638474910.0000000
FUTSTKPIDILITIND26-DEC-2024,2951.8500000,2962.0500000,2996.0000000,2939.5000000,2977.0000000,2977.0000000,0.8500000,903.0000000,247750.0000000,991.0000000,736431375.0000000
FUTSTKBATAINDIA26-DEC-2024,1269.5000000,1272.5000000,1297.5500000,1266.3000000,1295.6000000,1295.6000000,2.0500000,3132.0000000,414375.0000000,1105.0000000,530338725.0000000
FUTSTKAMBUJACEM28-NOV-2024,482.8000000,477.1500000,514.9000000,477.0500000,500.6000000,500.6000000,3.6800000,37584.0000000,12088800.0000000,13432.0000000,6040740780.0000000
FUTSTKHDFCLIFE28-NOV-2024,673.4000000,675.7500000,690.6000000,674.3000000,686.8000000,686.8000000,1.9800000,16286.0000000,4400000.0000000,4000.0000000,3015243770.0000000
FUTSTKMFSL26-DEC-2024,1175.0000000,1173.7500000,1180.9000000,1152.8500000,1172.3000000,1172.3000000,-0.2200000,412.0000000,308000.0000000,385.0000000,359992360.0000000
FUTSTKBIOCON28-NOV-2024,323.5000000,327.0500000,332.5000000,322.8500000,331.0000000,331.0000000,2.3100000,11818.0000000,6035000.0000000,2414.0000000,1981548500.0000000
FUTSTKBANDHANBNK28-NOV-2024,165.7000000,166.2600000,170.9800000,166.2600000,169.9000000,169.9000000,2.5300000,26231.0000000,17424400.0000000,6223.0000000,2941781920.0000000
FUTSTKTCS28-NOV-2024,4066.8500000,4080.0000000,4249.4000000,4055.6000000,4236.1500000,4236.1500000,4.1600000,70375.0000000,4545975.0000000,25977.0000000,19010042371.2500000
FUTSTKINDUSTOWER28-NOV-2024,330.0000000,332.5000000,333.0000000,325.2000000,330.2000000,330.2000000,0.0600000,44732.0000000,12767000.0000000,7510.0000000,4210305425.0000000
FUTSTKASHOKLEY26-DEC-2024,219.8000000,220.2300000,225.9200000,220.2300000,224.9600000,224.9500000,2.3400000,2859.0000000,4700000.0000000,1880.0000000,1052605350.0000000
FUTSTKINDUSINDBK26-DEC-2024,989.2000000,992.8500000,1008.8000000,987.5000000,1003.8000000,1003.8000000,1.4700000,13973.0000000,2380500.0000000,4761.0000000,2381977100.0000000
FUTSTKGODREJPROP26-DEC-2024,2716.4000000,2731.6500000,2878.0000000,2731.5000000,2869.4500000,2869.4500000,5.6300000,1826.0000000,674550.0000000,2998.0000000,1910226307.5000000
FUTSTKASTRAL26-DEC-2024,1719.1000000,1722.5000000,1778.0000000,1722.5000000,1774.3000000,1774.3000000,3.2100000,1329.0000000,289930.0000000,790.0000000,510936078.8000000
FUTSTKMARUTI26-DEC-2024,10926.6000000,10921.2000000,11182.0000000,10905.0500000,11135.8000000,11135.8000000,1.9100000,6091.0000000,227550.0000000,4551.0000000,2518777692.5000000
FUTSTKVOLTAS26-DEC-2024,1643.5000000,1642.3000000,1668.0000000,1633.0000000,1655.7000000,1655.7000000,0.7400000,5445.0000000,1544400.0000000,5148.0000000,2547863625.0000000
FUTSTKLUPIN28-NOV-2024,2041.7500000,2037.8500000,2075.0000000,2033.9500000,2067.4000000,2067.4000000,1.2500000,19618.0000000,1712750.0000000,4030.0000000,3527642715.0000000
FUTSTKADANIENT28-NOV-2024,2178.5500000,2120.4500000,2288.9500000,2046.4500000,2226.4500000,2226.4500000,2.1900000,47453.0000000,1850700.0000000,6169.0000000,4025136510.0000000
FUTSTKATUL26-DEC-2024,7276.0500000,7297.7500000,7350.0000000,7237.2500000,7313.0500000,7313.0500000,0.5000000,653.0000000,45000.0000000,450.0000000,329083190.0000000
FUTSTKTATAMOTORS26-DEC-2024,777.8000000,781.6500000,798.4000000,779.1500000,794.9500000,794.9500000,2.2000000,29558.0000000,6863450.0000000,12479.0000000,5410078630.0000000
FUTSTKSUNPHARMA28-NOV-2024,1777.1000000,1784.5000000,1815.8500000,1768.9000000,1795.5000000,1795.5000000,1.0300000,46547.0000000,4124400.0000000,11784.0000000,7366409942.5000000
FUTSTKPETRONET28-NOV-2024,321.4500000,321.7500000,325.1500000,319.2000000,323.7500000,323.7500000,0.7100000,17629.0000000,3906000.0000000,2604.0000000,1260809325.0000000
FUTSTKPOWERGRID26-DEC-2024,327.3500000,327.3500000,338.8500000,326.1000000,338.2000000,338.2000000,3.3100000,7146.0000000,11428200.0000000,6349.0000000,3821302890.0000000
FUTSTKAUROPHARMA28-NOV-2024,1220.0000000,1221.2000000,1230.8000000,1213.5000000,1224.7500000,1224.7500000,0.3800000,20399.0000000,3507350.0000000,6377.0000000,4290407962.5000000
FUTSTKPOLYCAB28-NOV-2024,6409.4500000,6411.5000000,6654.0000000,6408.8500000,6619.2000000,6619.2000000,3.2700000,15789.0000000,746375.0000000,5971.0000000,4902306237.5000000
FUTSTKMPHASIS26-DEC-2024,2794.9000000,2839.9500000,2905.0000000,2832.2500000,2896.0000000,2896.0000000,3.6100000,1447.0000000,442200.0000000,1608.0000000,1269162840.0000000
FUTSTKBAJFINANCE26-DEC-2024,6509.5000000,6514.6000000,6754.0000000,6491.4000000,6730.8500000,6730.8500000,3.4000000,13995.0000000,952625.0000000,7621.0000000,6344241443.7500000
FUTSTKMARICO26-DEC-2024,594.1000000,593.2500000,606.1000000,590.6500000,603.3000000,603.3000000,1.5400000,986.0000000,1029600.0000000,858.0000000,616897440.0000000
FUTSTKBHARATFORG28-NOV-2024,1296.4000000,1299.4000000,1327.1500000,1296.4500000,1317.2500000,1317.2500000,1.6000000,18992.0000000,1836500.0000000,3673.0000000,2414163525.0000000
FUTSTKONGC28-NOV-2024,242.4500000,245.7500000,247.3000000,243.9000000,245.6500000,245.6500000,1.3100000,50202.0000000,16177700.0000000,8404.0000000,3973268722.5000000
FUTSTKINFY26-DEC-2024,1842.7500000,1861.5000000,1922.2000000,1846.4500000,1907.0500000,1907.0500000,3.4800000,12245.0000000,4881200.0000000,12203.0000000,9200591460.0000000
FUTSTKASTRAL28-NOV-2024,1711.9500000,1713.1500000,1769.0000000,1710.7000000,1766.1000000,1766.1000000,3.1600000,11304.0000000,802629.0000000,2187.0000000,1406593119.6000900
FUTSTKBAJAJFINSV28-NOV-2024,1570.0000000,1576.7000000,1606.4000000,1562.4500000,1603.5000000,1603.5000000,2.1300000,22233.0000000,3569500.0000000,7139.0000000,5692883775.0000000
FUTSTKCIPLA26-DEC-2024,1472.7500000,1478.6000000,1503.6500000,1474.0500000,1493.9000000,1493.9000000,1.4300000,2214.0000000,392600.0000000,1208.0000000,586948700.0000000
FUTSTKSBILIFE28-NOV-2024,1478.8000000,1481.2500000,1498.4000000,1476.6500000,1485.3500000,1485.3500000,0.4400000,25212.0000000,2032125.0000000,5419.0000000,3024672337.5000000
FUTSTKKOTAKBANK28-NOV-2024,1734.7000000,1734.1000000,1769.6500000,1733.2500000,1760.0000000,1760.0000000,1.4500000,88245.0000000,9264400.0000000,23161.0000000,16249041320.0000000
FUTSTKZYDUSLIFE28-NOV-2024,943.3500000,942.6500000,951.0500000,940.0000000,948.1500000,948.1500000,0.5000000,11776.0000000,1557000.0000000,1730.0000000,1472800365.0000000
FUTSTKIGL28-NOV-2024,312.0000000,317.0000000,320.0000000,312.0000000,315.7000000,315.7000000,1.1800000,11916.0000000,1963500.0000000,1428.0000000,621589100.0000000
FUTSTKINDHOTEL26-DEC-2024,789.5500000,786.3500000,804.0000000,784.9500000,802.6000000,802.6000000,1.6500000,3928.0000000,3051000.0000000,3051.0000000,2429977850.0000000
FUTSTKMARUTI28-NOV-2024,10861.5500000,10889.9500000,11119.8500000,10844.9500000,11082.7000000,11082.7000000,2.0300000,62434.0000000,744250.0000000,14885.0000000,8192075227.5000000
FUTSTKTORNTPHARM28-NOV-2024,3106.3000000,3109.0500000,3189.3500000,3108.4000000,3175.6500000,3175.6500000,2.2300000,10285.0000000,392750.0000000,1571.0000000,1242726062.5000000
FUTSTKTITAN28-NOV-2024,3173.2000000,3169.9000000,3310.9500000,3157.7000000,3303.0500000,3303.0500000,4.0900000,48576.0000000,3033450.0000000,17334.0000000,9894390625.0000000
FUTSTKUPL28-NOV-2024,554.8000000,555.2500000,569.7000000,546.7500000,565.9000000,565.9000000,2.0000000,20007.0000000,9677200.0000000,7444.0000000,5418751975.0000000
FUTSTKCOROMANDEL26-DEC-2024,1777.9000000,1799.8000000,1822.0000000,1776.6500000,1814.8500000,1814.8500000,2.0700000,489.0000000,281050.0000000,803.0000000,506099055.0000000
FUTSTKCUB26-DEC-2024,171.0100000,171.5000000,174.3300000,171.5000000,172.9000000,172.9000000,1.1000000,684.0000000,2345000.0000000,469.0000000,406079650.0000000
FUTSTKTECHM28-NOV-2024,1699.5500000,1709.8000000,1751.9500000,1703.5000000,1747.5500000,1747.5500000,2.8200000,17493.0000000,4755600.0000000,7926.0000000,8242300830.0000000
FUTSTKBSOFT28-NOV-2024,545.2500000,549.9500000,563.0000000,545.8000000,561.8500000,561.8500000,3.0400000,10540.0000000,6782000.0000000,6782.0000000,3771010400.0000000
FUTSTKEXIDEIND26-DEC-2024,417.8500000,419.0500000,427.0500000,417.0000000,426.1500000,426.1500000,1.9800000,3449.0000000,3164400.0000000,1758.0000000,1341310860.0000000
FUTSTKATUL28-NOV-2024,7231.8000000,7227.8000000,7309.0000000,7185.8500000,7272.1000000,7272.1000000,0.5500000,8971.0000000,88000.0000000,880.0000000,639848785.0000000
FUTSTKICICIGI28-NOV-2024,1807.8000000,1813.1500000,1856.2500000,1808.5500000,1837.8500000,1837.8500000,1.6600000,26736.0000000,521250.0000000,2085.0000000,957619825.0000000
FUTSTKDIVISLAB28-NOV-2024,5975.8500000,6014.4000000,6049.0000000,5974.7500000,6012.0000000,6012.0000000,0.6000000,29308.0000000,797900.0000000,7979.0000000,4801457420.0000000
FUTSTKAPOLLOTYRE28-NOV-2024,476.3500000,479.7500000,492.6500000,476.6500000,490.8000000,490.8000000,3.0300000,7668.0000000,4285700.0000000,2521.0000000,2086310805.0000000
FUTSTKTATAPOWER28-NOV-2024,408.3500000,414.3500000,416.6500000,408.7000000,413.6500000,413.6500000,1.2900000,46407.0000000,21685050.0000000,16063.0000000,8955233842.5000000
FUTSTKDEEPAKNTR28-NOV-2024,2616.2500000,2625.0000000,2689.0000000,2584.0000000,2673.6500000,2673.6500000,2.1900000,7007.0000000,1326600.0000000,4422.0000000,3533651955.0000000
FUTSTKNMDC28-NOV-2024,217.9100000,218.7000000,222.4500000,218.4000000,220.8100000,220.8100000,1.3300000,14369.0000000,18769500.0000000,4171.0000000,4134104100.0000000
FUTSTKSUNTV26-DEC-2024,707.4500000,710.3000000,729.1000000,707.9000000,723.8000000,723.8000000,2.3100000,1521.0000000,417000.0000000,556.0000000,300635325.0000000
FUTIDXBANKNIFTY24-DEC-2024,50727.3000000,50825.0000000,51590.0000000,50825.0000000,51401.1000000,51401.1000000,1.3200000,53750.0000000,697455.0000000,46497.0000000,35763342823.5000000
FUTSTKIDEA28-NOV-2024,6.9100000,6.8600000,6.9200000,6.6000000,6.6800000,6.6800000,-3.3200000,65780.0000000,610520000.0000000,15263.0000000,4112724800.0000000
FUTSTKIOC26-DEC-2024,131.6500000,132.5900000,133.9900000,131.5700000,133.4600000,133.4600000,1.3700000,4516.0000000,12104625.0000000,2483.0000000,1607205892.5000000
FUTSTKDIVISLAB26-DEC-2024,5997.3000000,6004.0000000,6072.0000000,6004.0000000,6038.2500000,6038.2500000,0.6800000,4322.0000000,302400.0000000,3024.0000000,1827298635.0000000
FUTSTKBAJAJ-AUTO28-NOV-2024,9493.1000000,9569.5000000,9614.1500000,9459.1000000,9495.7500000,9495.7500000,0.0200000,31784.0000000,681525.0000000,9087.0000000,6498221141.2500000
FUTSTKDEEPAKNTR26-DEC-2024,2608.9500000,2592.3000000,2679.0000000,2591.9000000,2668.3500000,2668.3500000,2.2700000,2926.0000000,390300.0000000,1301.0000000,1036056825.0000000
FUTSTKUNITDSPR28-NOV-2024,1490.6000000,1483.6000000,1504.0000000,1483.6000000,1496.9500000,1496.9500000,0.4200000,23172.0000000,2655450.0000000,7587.0000000,3974754980.0000000
FUTSTKRELIANCE28-NOV-2024,1224.4500000,1227.5000000,1270.2500000,1219.0000000,1266.9000000,1266.9000000,3.4600000,277749.0000000,39011000.0000000,78022.0000000,48762592125.0000000
FUTSTKSRF28-NOV-2024,2143.6500000,2126.7000000,2187.2000000,2126.7000000,2168.1000000,2168.1000000,1.1400000,13888.0000000,1980375.0000000,5281.0000000,4278010500.0000000
FUTSTKWIPRO28-NOV-2024,558.1000000,559.3000000,574.6000000,558.4000000,572.0000000,572.0000000,2.4900000,25023.0000000,14376000.0000000,9584.0000000,8192889300.0000000
FUTSTKHINDCOPPER26-DEC-2024,264.2500000,266.7000000,266.8500000,266.7000000,266.8500000,266.8500000,0.9800000,897.0000000,5300.0000000,2.0000000,1413907.5000000
FUTSTKCANFINHOME26-DEC-2024,818.7000000,823.0000000,840.6000000,820.9500000,836.7500000,836.7500000,2.2000000,427.0000000,436800.0000000,448.0000000,364098296.2500000
FUTSTKCOALINDIA28-NOV-2024,406.7000000,408.7000000,416.1500000,407.1500000,414.3000000,414.3000000,1.8600000,48850.0000000,9836400.0000000,9368.0000000,4058748592.5000000
FUTSTKCIPLA28-NOV-2024,1463.6500000,1462.9000000,1494.7000000,1460.8500000,1485.1000000,1485.1000000,1.4600000,40089.0000000,1606150.0000000,4942.0000000,2386169028.7500000
FUTSTKSBICARD28-NOV-2024,669.1000000,672.1000000,680.8000000,669.8500000,679.3500000,679.3500000,1.5300000,24825.0000000,2592800.0000000,3241.0000000,1754023040.0000000
FUTSTKABFRL26-DEC-2024,286.2500000,290.0000000,293.7000000,288.3000000,292.7500000,292.7500000,2.2700000,1196.0000000,54600.0000000,21.0000000,15833870.0000000
FUTSTKCROMPTON28-NOV-2024,382.1500000,387.0000000,394.4000000,381.4500000,392.9500000,392.9500000,2.8200000,15014.0000000,3571200.0000000,1984.0000000,1390725360.0000000
FUTSTKPAGEIND26-DEC-2024,44498.4500000,44529.0000000,45400.0000000,44491.1500000,45121.5000000,45121.5000000,1.4000000,1359.0000000,10080.0000000,672.0000000,452723394.7500000
FUTSTKCANFINHOME28-NOV-2024,820.7000000,824.7000000,843.4000000,822.5500000,838.7500000,838.7500000,2.1900000,3268.0000000,1476150.0000000,1514.0000000,1230926092.5000000
FUTSTKINFY28-NOV-2024,1831.8000000,1854.4000000,1911.4000000,1835.0000000,1898.5500000,1898.5500000,3.6400000,93921.0000000,16481600.0000000,41204.0000000,30897392960.0000000
FUTSTKNATIONALUM26-DEC-2024,245.7300000,248.8500000,256.2600000,244.6200000,253.6300000,253.6300000,3.2100000,5502.0000000,2107500.0000000,562.0000000,529794075.0000000
FUTSTKBHEL26-DEC-2024,229.0500000,229.4100000,237.6600000,227.8300000,235.7000000,235.7000000,2.9000000,4143.0000000,7620375.0000000,2903.0000000,1780320753.7500000
FUTSTKOBEROIRLTY26-DEC-2024,1886.0500000,1890.3500000,1965.6000000,1871.6000000,1945.6000000,1945.6000000,3.1500000,3019.0000000,1501850.0000000,4291.0000000,2885435122.5000000
FUTSTKBSOFT26-DEC-2024,548.2000000,549.2500000,566.3500000,549.2500000,565.2000000,565.2000000,3.1000000,1917.0000000,2109000.0000000,2109.0000000,1179518000.0000000
FUTSTKMFSL28-NOV-2024,1173.1000000,1172.7500000,1194.0500000,1150.5000000,1168.4500000,1168.4500000,-0.3900000,4693.0000000,1524800.0000000,1906.0000000,1777292640.0000000
FUTSTKJUBLFOOD28-NOV-2024,610.1000000,611.1000000,645.5500000,609.0500000,639.4000000,639.4000000,4.8000000,11621.0000000,7572500.0000000,6058.0000000,4769815750.0000000
FUTSTKASIANPAINT26-DEC-2024,2440.0000000,2437.7500000,2502.0000000,2436.7000000,2486.8500000,2486.8500000,1.9200000,10671.0000000,1861800.0000000,9309.0000000,4613391100.0000000
FUTSTKGLENMARK26-DEC-2024,1474.2500000,1468.0000000,1498.0000000,1461.0000000,1484.4000000,1484.4000000,0.6800000,416.0000000,411800.0000000,568.0000000,609119516.2500000
FUTSTKTCS26-DEC-2024,4089.6000000,4086.3000000,4272.8500000,4080.0500000,4260.3000000,4260.3000000,4.1700000,8053.0000000,1172675.0000000,6701.0000000,4926254200.0000000
FUTSTKABFRL28-NOV-2024,285.9500000,286.9500000,292.2000000,286.5000000,290.1000000,290.1000000,1.4500000,19974.0000000,915200.0000000,352.0000000,264487730.0000000
FUTSTKBEL26-DEC-2024,276.8000000,278.9500000,285.4500000,276.9000000,282.5500000,282.5500000,2.0700000,7207.0000000,13326600.0000000,4676.0000000,3759287797.5000000
FUTSTKPIIND26-DEC-2024,4141.6500000,4167.4000000,4189.2500000,4104.3000000,4139.0500000,4139.0500000,-0.0600000,1181.0000000,111000.0000000,888.0000000,459364437.5000000
FUTSTKM&MFIN26-DEC-2024,253.2000000,250.6000000,260.7000000,250.6000000,259.7500000,259.7500000,2.5800000,3707.0000000,3380000.0000000,1690.0000000,870959500.0000000
FUTSTKOFSS26-DEC-2024,11189.1000000,11312.4500000,11679.4000000,11291.5000000,11600.3500000,11600.3500000,3.6700000,1101.0000000,59300.0000000,1186.0000000,684836205.0000000
FUTSTKTRENT26-DEC-2024,6479.7500000,6476.4500000,6723.8000000,6476.4500000,6684.6000000,6684.6000000,3.1600000,4274.0000000,360800.0000000,3608.0000000,2391764700.0000000
FUTSTKLAURUSLABS28-NOV-2024,488.6500000,485.3500000,516.4000000,485.3500000,512.6000000,512.6000000,4.9000000,10901.0000000,10706600.0000000,6298.0000000,5429991930.0000000
FUTSTKHINDUNILVR26-DEC-2024,2394.8000000,2399.9000000,2462.9500000,2393.1000000,2455.6000000,2455.6000000,2.5300000,4318.0000000,976800.0000000,3256.0000000,2372893560.0000000
FUTSTKWIPRO26-DEC-2024,560.9500000,564.9000000,577.5000000,561.9500000,575.0500000,575.0500000,2.5100000,2830.0000000,4255500.0000000,2837.0000000,2435200125.0000000
FUTSTKLAURUSLABS26-DEC-2024,491.3000000,490.8000000,519.4500000,490.6000000,515.7000000,515.7000000,4.9600000,2755.0000000,5793600.0000000,3408.0000000,2951894960.0000000
FUTSTKNAUKRI26-DEC-2024,7567.5500000,7542.0000000,8060.0000000,7542.0000000,8033.4500000,8033.4500000,6.1500000,2242.0000000,244200.0000000,3256.0000000,1945959172.5000000
FUTSTKSHRIRAMFIN26-DEC-2024,2818.1000000,2772.0000000,2880.0000000,2772.0000000,2860.7000000,2860.7000000,1.5100000,5365.0000000,594750.0000000,3965.0000000,1693250190.0000000
FUTSTKLTIM26-DEC-2024,5955.4500000,5997.8500000,6183.0000000,5966.7500000,6159.0000000,6159.0000000,3.4100000,1388.0000000,252450.0000000,1683.0000000,1542395280.0000000
FUTSTKBIOCON26-DEC-2024,325.4000000,328.9000000,334.6500000,325.0000000,333.0500000,333.0500000,2.3500000,2452.0000000,3290000.0000000,1316.0000000,1086227875.0000000
FUTSTKMARICO28-NOV-2024,591.1000000,585.8500000,602.6500000,584.4000000,600.2500000,600.2500000,1.5400000,16714.0000000,2680800.0000000,2234.0000000,1597021440.0000000
FUTSTKM&MFIN28-NOV-2024,256.0500000,251.0500000,263.2500000,251.0500000,262.5000000,262.5000000,2.5100000,15144.0000000,5584000.0000000,2792.0000000,1454069500.0000000
FUTSTKGODREJPROP28-NOV-2024,2701.8000000,2723.0000000,2863.5000000,2692.9500000,2852.2500000,2852.2500000,5.5600000,14828.0000000,2324250.0000000,10330.0000000,6543409083.7500000
FUTSTKMPHASIS28-NOV-2024,2782.2000000,2825.2500000,2893.0000000,2818.9000000,2882.3000000,2882.3000000,3.5900000,14090.0000000,1611775.0000000,5861.0000000,4604949360.0000000
FUTSTKULTRACEMCO26-DEC-2024,11028.7500000,11030.5500000,11459.0000000,10989.0000000,11417.3500000,11417.3500000,3.5200000,7933.0000000,235050.0000000,4701.0000000,2657911825.0000000
FUTIDXBANKNIFTY27-NOV-2024,50407.4000000,50580.0000000,51280.0000000,50523.2000000,51082.3500000,51082.3500000,1.3300000,159249.0000000,2358990.0000000,157266.0000000,120234209159.2500000
FUTSTKFEDERALBNK26-DEC-2024,211.3200000,212.1000000,212.4500000,209.3000000,210.7900000,210.7900000,-0.2500000,3365.0000000,11580000.0000000,2316.0000000,2441325000.0000000
FUTSTKBHARATFORG26-DEC-2024,1303.4500000,1312.0000000,1335.7000000,1306.1500000,1324.8500000,1324.8500000,1.6400000,1979.0000000,666000.0000000,1332.0000000,880420600.0000000
FUTSTKMGL26-DEC-2024,1137.8000000,1159.5000000,1177.8000000,1129.1000000,1164.3500000,1164.3500000,2.3300000,1859.0000000,818800.0000000,2047.0000000,947176900.0000000
FUTSTKIDEA26-DEC-2024,6.9700000,6.9100000,6.9600000,6.6500000,6.7300000,6.7300000,-3.4400000,21838.0000000,339800000.0000000,8495.0000000,2307164400.0000000
FUTSTKTITAN26-DEC-2024,3192.7000000,3189.0000000,3329.1500000,3175.9500000,3321.7500000,3321.7500000,4.0400000,5873.0000000,782425.0000000,4471.0000000,2562074480.0000000
FUTSTKMETROPOLIS26-DEC-2024,2030.9000000,2019.4500000,2084.0500000,2015.8000000,2072.4000000,2072.4000000,2.0400000,210.0000000,116400.0000000,291.0000000,240207860.0000000
FUTSTKLTTS26-DEC-2024,5191.7000000,5204.8000000,5355.2500000,5200.6000000,5343.9500000,5343.9500000,2.9300000,1016.0000000,76700.0000000,767.0000000,406918110.0000000
FUTSTKINDUSTOWER26-DEC-2024,331.8000000,334.1000000,334.9000000,327.2500000,332.1500000,332.1500000,0.1000000,6629.0000000,7644900.0000000,4497.0000000,2535433125.0000000
FUTSTKPIDILITIND28-NOV-2024,2934.8000000,2932.9500000,2980.0000000,2923.0000000,2960.2500000,2960.2500000,0.8600000,8532.0000000,640750.0000000,2563.0000000,1893545387.5000000
FUTSTKTECHM26-DEC-2024,1709.3000000,1727.8000000,1761.1000000,1713.8000000,1758.0500000,1758.0500000,2.8500000,2201.0000000,1842000.0000000,3070.0000000,3213040440.0000000
FUTSTKIPCALAB28-NOV-2024,1573.2500000,1576.0000000,1598.5000000,1568.0000000,1594.0500000,1594.0500000,1.3200000,2910.0000000,713700.0000000,1098.0000000,1131328152.5000000
FUTSTKACC28-NOV-2024,2020.7000000,2001.0500000,2118.0000000,1992.6000000,2092.5000000,2092.5000000,3.5500000,14749.0000000,1900200.0000000,6334.0000000,3953654985.0000000
FUTSTKPETRONET26-DEC-2024,323.3500000,323.9500000,326.8500000,321.2000000,325.7000000,325.7000000,0.7200000,1305.0000000,1308000.0000000,872.0000000,424930950.0000000
FUTIDXMIDCPNIFTY25-NOV-2024,12163.4000000,12174.4500000,12342.7500000,12174.4500000,12317.3000000,12317.3000000,1.2600000,23415.0000000,1319300.0000000,26386.0000000,16176924877.5000000
FUTSTKONGC26-DEC-2024,243.9000000,246.3000000,248.8000000,245.3500000,247.0500000,247.0500000,1.2900000,7987.0000000,7975275.0000000,4143.0000000,1970120460.0000000
FUTSTKPOLYCAB26-DEC-2024,6446.3500000,6453.4000000,6688.8000000,6453.4000000,6661.7000000,6661.7000000,3.3400000,2359.0000000,309000.0000000,2472.0000000,2040581300.0000000
FUTSTKPVRINOX26-DEC-2024,1454.6500000,1457.9000000,1481.9500000,1444.8500000,1475.6500000,1475.6500000,1.4400000,1920.0000000,461538.0000000,1134.0000000,676435750.1000000
FUTSTKHEROMOTOCO28-NOV-2024,4755.5500000,4764.5000000,4808.0000000,4740.0500000,4791.3000000,4791.3000000,0.7500000,29622.0000000,914400.0000000,6096.0000000,4368661897.5000000
FUTIDXMIDCPNIFTY30-DEC-2024,12189.1000000,12245.2000000,12374.1000000,12210.1000000,12345.0500000,12345.0500000,1.2700000,24336.0000000,1137150.0000000,22743.0000000,13964873770.0000000
FUTSTKM&M26-DEC-2024,2955.1000000,2964.1500000,3084.0000000,2917.7000000,3032.5500000,3032.5500000,2.6200000,8587.0000000,1743525.0000000,9963.0000000,5215700035.0000000
FUTIDXNIFTYNXT5029-NOV-2024,67402.3500000,67614.6000000,68470.0000000,67200.0000000,68291.3000000,68291.3000000,1.3100000,1033.0000000,3870.0000000,387.0000000,263179398.0000000
FUTSTKCOROMANDEL28-NOV-2024,1769.9000000,1795.0000000,1815.6500000,1769.5500000,1807.2000000,1807.2000000,2.1000000,5855.0000000,966350.0000000,2761.0000000,1734041627.5000000
FUTSTKGUJGASLTD26-DEC-2024,452.4500000,456.7500000,465.1000000,454.5000000,463.5500000,463.5500000,2.4500000,1096.0000000,722500.0000000,578.0000000,332772875.0000000
FUTSTKJUBLFOOD26-DEC-2024,607.8500000,607.8500000,644.0000000,607.0000000,637.8500000,637.8500000,4.9300000,2186.0000000,3630000.0000000,2904.0000000,2287958312.5000000
FUTSTKFEDERALBNK28-NOV-2024,210.3400000,210.8900009,211.4300000,208.2000000,209.6600000,209.6600000,-0.3200000,11571.0000000,29580000.0000000,5916.0000000,6207730800.0000000
FUTSTKINDHOTEL28-NOV-2024,785.6000000,784.1500000,799.7000000,780.6000000,798.0000000,798.0000000,1.5700000,15766.0000000,7233000.0000000,7233.0000000,5721543500.0000000
FUTSTKRBLBANK26-DEC-2024,156.9600000,158.4600000,159.4400000,157.1800000,158.6500000,158.6500000,1.0700000,9253.0000000,12030000.0000000,4812.0000000,1906774950.0000000
FUTSTKAPOLLOHOSP26-DEC-2024,6775.0500000,6872.9500000,6976.7000000,6786.7000000,6960.1000000,6960.1000000,2.7300000,1244.0000000,166125.0000000,1329.0000000,1148182493.7500000
FUTSTKDABUR26-DEC-2024,508.4000000,509.7000000,517.3000000,507.7000000,516.2500000,516.2500000,1.5400000,1886.0000000,1562500.0000000,1250.0000000,802903250.0000000
FUTSTKBHARTIARTL28-NOV-2024,1523.7500000,1535.0000000,1573.7000000,1521.2500000,1570.1500000,1570.1500000,3.0400000,98919.0000000,11653175.0000000,24533.0000000,18113433946.2500000
FUTSTKSYNGENE28-NOV-2024,848.3000000,846.1000000,871.8000000,846.1000000,870.2500000,870.2500000,2.5800000,6351.0000000,983000.0000000,983.0000000,847683000.0000000
